#
# There is insufficient memory for the Java Runtime Environment to continue.
# Native memory allocation (malloc) failed to allocate 32744 bytes. Error detail: Chunk::new
# Possible reasons:
#   The system is out of physical RAM or swap space
#   This process is running with CompressedOops enabled, and the Java Heap may be blocking the growth of the native heap
# Possible solutions:
#   Reduce memory load on the system
#   Increase physical memory or swap space
#   Check if swap backing store is full
#   Decrease Java heap size (-Xmx/-Xms)
#   Decrease number of Java threads
#   Decrease Java thread stack sizes (-Xss)
#   Set larger code cache with -XX:ReservedCodeCacheSize=
#   JVM is running with Unscaled Compressed Oops mode in which the Java heap is
#     placed in the first 4GB address space. The Java Heap base address is the
#     maximum limit for the native heap growth. Please use -XX:HeapBaseMinAddress
#     to set the Java Heap base and to place the Java Heap above 4GB virtual address.
# This output file may be truncated or incomplete.
#
#  Out of Memory Error (arena.cpp:149), pid=4184, tid=15068
#
# JRE version: Java(TM) SE Runtime Environment (23.0+37) (build 23+37-2369)
# Java VM: Java HotSpot(TM) 64-Bit Server VM (23+37-2369, mixed mode, sharing, tiered, compressed oops, compressed class ptrs, g1 gc, windows-amd64)
# No core dump will be written. Minidumps are not enabled by default on client versions of Windows
#

---------------  S U M M A R Y ------------

Command Line: --add-opens=java.base/java.lang=ALL-UNNAMED --add-opens=java.base/java.lang.invoke=ALL-UNNAMED --add-opens=java.base/java.util=ALL-UNNAMED --add-opens=java.prefs/java.util.prefs=ALL-UNNAMED --add-exports=jdk.compiler/com.sun.tools.javac.api=ALL-UNNAMED --add-exports=jdk.compiler/com.sun.tools.javac.util=ALL-UNNAMED --add-opens=java.base/java.util=ALL-UNNAMED --add-opens=java.prefs/java.util.prefs=ALL-UNNAMED --add-opens=java.base/java.nio.charset=ALL-UNNAMED --add-opens=java.base/java.net=ALL-UNNAMED --add-opens=java.base/java.util.concurrent.atomic=ALL-UNNAMED --add-opens=java.xml/javax.xml.namespace=ALL-UNNAMED -Xmx2048m -Dfile.encoding=UTF-8 -Duser.country=CA -Duser.language=fr -Duser.variant -javaagent:C:\Users\X4P\.gradle\wrapper\dists\gradle-8.13-bin\5xuhj0ry160q40clulazy9h7d\gradle-8.13\lib\agents\gradle-instrumentation-agent-8.13.jar org.gradle.launcher.daemon.bootstrap.GradleDaemon 8.13

Host: Intel(R) Core(TM) i5-4300U CPU @ 1.90GHz, 4 cores, 7G,  Windows 10 , 64 bit Build 19041 (10.0.19041.5915)
Time: Sun Sep  6 01:04:08 2026 Maroc (heure d64 bit Build 19041 (10.0.19041.5915) elapsed time: 56.742370 seconds (0d 0h 0m 56s)

---------------  T H R E A D  ---------------

Current thread (0x000002687ee7b7f0):  JavaThread "C1 CompilerThread0" daemon [_thread_in_native, id=15068, stack(0x000000c0ef000000,0x000000c0ef100000) (1024K)]


Current CompileTask:
C1:56742 23592       2       com.android.tools.r8.graph.j3::U0 (9 bytes)

Stack: [0x000000c0ef000000,0x000000c0ef100000]
Native frames: (J=compiled Java code, j=interpreted, Vv=VM code, C=native code)
V  [jvm.dll+0x6e08a9]  (no source info available)
V  [jvm.dll+0x87da63]  (no source info available)
V  [jvm.dll+0x87feee]  (no source info available)
V  [jvm.dll+0x8805c3]  (no source info available)
V  [jvm.dll+0x27aee6]  (no source info available)
V  [jvm.dll+0xbc06f]  (no source info available)
V  [jvm.dll+0xbc2cb]  (no source info available)
V  [jvm.dll+0x27d060]  (no source info available)
V  [jvm.dll+0x1503a2]  (no source info available)
V  [jvm.dll+0x14f8a8]  (no source info available)
V  [jvm.dll+0x1516ed]  (no source info available)
V  [jvm.dll+0x253cf1]  (no source info available)
V  [jvm.dll+0x251faa]  (no source info available)
V  [jvm.dll+0x3ee036]  (no source info available)
V  [jvm.dll+0x824f1b]  (no source info available)
V  [jvm.dll+0x6df055]  (no source info available)
C  [ucrtbase.dll+0x21bb2]  (no source info available)
C  [KERNEL32.DLL+0x17374]  (no source info available)
C  [ntdll.dll+0x4cc91]  (no source info available)

Lock stack of current Java thread (top to bottom):


---------------  P R O C E S S  ---------------

Threads class SMR info:
_java_thread_list=0x000002686d15ed60, length=87, elements={
0x0000026873779250, 0x000002687ee54660, 0x000002687ee55370, 0x000002687ee59ce0,
0x000002687ee5d060, 0x000002687ee5e260, 0x000002687ee5f610, 0x000002687ee63a50,
0x000002687ee7b7f0, 0x00000268580b48f0, 0x0000026858254d00, 0x000002685a083720,
0x00000268599c5320, 0x0000026859e9cab0, 0x0000026859bd3b90, 0x0000026859bd45d0,
0x000002687eeb1360, 0x000002685a09b910, 0x000002685a09e070, 0x000002685a09c630,
0x000002685a09d9e0, 0x000002685a09abf0, 0x000002685a09d350, 0x000002685a09b280,
0x000002685b527ff0, 0x000002685b5265b0, 0x000002685b52bb00, 0x000002685b52c820,
0x000002685b52ade0, 0x000002685b52a0c0, 0x000002685b52a750, 0x000002685b52b470,
0x000002685d0d67e0, 0x000002685d0d8f40, 0x000002685d0d95d0, 0x000002685d0d4710,
0x000002685d0db010, 0x000002685d0db6a0, 0x000002685d0dbd30, 0x000002685d0d4da0,
0x000002685d0d5430, 0x000002685f013f60, 0x000002685f0145f0, 0x000002686d88f830,
0x000002686d890be0, 0x000002686d891900, 0x000002686d893340, 0x000002686d891270,
0x000002686d88ddf0, 0x000002686d894060, 0x000002685bcb7c70, 0x000002686e45d390,
0x000002685b47a040, 0x000002685b477250, 0x000002685b4799b0, 0x000002685b47a6d0,
0x000002685b4778e0, 0x000002685b47ce30, 0x000002685b475ea0, 0x000002685b47b3f0,
0x000002685b47c7a0, 0x000002685b484450, 0x000002685b480940, 0x000002685b483dc0,
0x000002685b480fd0, 0x000002685b482380, 0x000002685b4830a0, 0x000002685b485170,
0x000002685b483730, 0x000002686db9e740, 0x000002686dba0180, 0x000002686d88e480,
0x000002686f47f7d0, 0x000002686f480b80, 0x000002686f4804f0, 0x000002686f484690,
0x000002686f481210, 0x000002686f47e420, 0x000002686f484d20, 0x000002686f4825c0,
0x000002686f483970, 0x000002686f47dd90, 0x000002686f486df0, 0x000002686f47fe60,
0x000002686f487480, 0x000002686f48bcb0, 0x000002685e873e70
}

Java Threads: ( => current thread )
  0x0000026873779250 JavaThread "main"                              [_thread_blocked, id=9728, stack(0x000000c0ee100000,0x000000c0ee200000) (1024K)]
  0x000002687ee54660 JavaThread "Reference Handler"          daemon [_thread_blocked, id=8888, stack(0x000000c0ee900000,0x000000c0eea00000) (1024K)]
  0x000002687ee55370 JavaThread "Finalizer"                  daemon [_thread_blocked, id=7660, stack(0x000000c0eea00000,0x000000c0eeb00000) (1024K)]
  0x000002687ee59ce0 JavaThread "Signal Dispatcher"          daemon [_thread_blocked, id=12992, stack(0x000000c0eeb00000,0x000000c0eec00000) (1024K)]
  0x000002687ee5d060 JavaThread "Attach Listener"            daemon [_thread_blocked, id=13640, stack(0x000000c0eec00000,0x000000c0eed00000) (1024K)]
  0x000002687ee5e260 JavaThread "Service Thread"             daemon [_thread_blocked, id=13436, stack(0x000000c0eed00000,0x000000c0eee00000) (1024K)]
  0x000002687ee5f610 JavaThread "Monitor Deflation Thread"   daemon [_thread_blocked, id=10724, stack(0x000000c0eee00000,0x000000c0eef00000) (1024K)]
  0x000002687ee63a50 JavaThread "C2 CompilerThread0"         daemon [_thread_in_native, id=6236, stack(0x000000c0eef00000,0x000000c0ef000000) (1024K)]
=>0x000002687ee7b7f0 JavaThread "C1 CompilerThread0"         daemon [_thread_in_native, id=15068, stack(0x000000c0ef000000,0x000000c0ef100000) (1024K)]
  0x00000268580b48f0 JavaThread "Common-Cleaner"             daemon [_thread_blocked, id=11256, stack(0x000000c0ef100000,0x000000c0ef200000) (1024K)]
  0x0000026858254d00 JavaThread "Notification Thread"        daemon [_thread_blocked, id=6268, stack(0x000000c0ef200000,0x000000c0ef300000) (1024K)]
  0x000002685a083720 JavaThread "Daemon health stats"               [_thread_blocked, id=5160, stack(0x000000c0ef700000,0x000000c0ef800000) (1024K)]
  0x00000268599c5320 JavaThread "Incoming local TCP Connector on port 5295"        [_thread_in_native, id=11352, stack(0x000000c0ef600000,0x000000c0ef700000) (1024K)]
  0x0000026859e9cab0 JavaThread "Daemon periodic checks"            [_thread_blocked, id=11148, stack(0x000000c0ef800000,0x000000c0ef900000) (1024K)]
  0x0000026859bd3b90 JavaThread "Daemon"                            [_thread_blocked, id=11040, stack(0x000000c0ef900000,0x000000c0efa00000) (1024K)]
  0x0000026859bd45d0 JavaThread "Handler for socket connection from /127.0.0.1:5295 to /127.0.0.1:5296"        [_thread_in_native, id=3716, stack(0x000000c0efa00000,0x000000c0efb00000) (1024K)]
  0x000002687eeb1360 JavaThread "Cancel handler"                    [_thread_blocked, id=5448, stack(0x000000c0efb00000,0x000000c0efc00000) (1024K)]
  0x000002685a09b910 JavaThread "Daemon worker"                     [_thread_blocked, id=12372, stack(0x000000c0efc00000,0x000000c0efd00000) (1024K)]
  0x000002685a09e070 JavaThread "Asynchronous log dispatcher for DefaultDaemonConnection: socket connection from /127.0.0.1:5295 to /127.0.0.1:5296"        [_thread_blocked, id=3408, stack(0x000000c0efd00000,0x000000c0efe00000) (1024K)]
  0x000002685a09c630 JavaThread "Stdin handler"                     [_thread_blocked, id=1384, stack(0x000000c0efe00000,0x000000c0eff00000) (1024K)]
  0x000002685a09d9e0 JavaThread "Daemon client event forwarder"        [_thread_blocked, id=4484, stack(0x000000c0eff00000,0x000000c0f0000000) (1024K)]
  0x000002685a09abf0 JavaThread "Cache worker for journal cache (C:\Users\X4P\.gradle\caches\journal-1)"        [_thread_blocked, id=11060, stack(0x000000c0f0000000,0x000000c0f0100000) (1024K)]
  0x000002685a09d350 JavaThread "File lock request listener"        [_thread_in_native, id=13928, stack(0x000000c0f0100000,0x000000c0f0200000) (1024K)]
  0x000002685a09b280 JavaThread "Cache worker for file hash cache (C:\Users\X4P\.gradle\caches\8.13\fileHashes)"        [_thread_blocked, id=11192, stack(0x000000c0f0200000,0x000000c0f0300000) (1024K)]
  0x000002685b527ff0 JavaThread "Cache worker for file hash cache (C:\Users\X4P\AndroidStudioProjects\manchorati\.gradle\8.13\fileHashes)"        [_thread_blocked, id=6644, stack(0x000000c0f0400000,0x000000c0f0500000) (1024K)]
  0x000002685b5265b0 JavaThread "Cache worker for Build Output Cleanup Cache (C:\Users\X4P\AndroidStudioProjects\manchorati\.gradle\buildOutputCleanup)"        [_thread_blocked, id=9232, stack(0x000000c0f0300000,0x000000c0f0400000) (1024K)]
  0x000002685b52bb00 JavaThread "File watcher server"        daemon [_thread_in_native, id=1948, stack(0x000000c0f0500000,0x000000c0f0600000) (1024K)]
  0x000002685b52c820 JavaThread "File watcher consumer"      daemon [_thread_blocked, id=12784, stack(0x000000c0f0600000,0x000000c0f0700000) (1024K)]
  0x000002685b52ade0 JavaThread "Cache worker for checksums cache (C:\Users\X4P\AndroidStudioProjects\manchorati\.gradle\8.13\checksums)"        [_thread_blocked, id=5540, stack(0x000000c0f0800000,0x000000c0f0900000) (1024K)]
  0x000002685b52a0c0 JavaThread "Cache worker for file content cache (C:\Users\X4P\.gradle\caches\8.13\fileContent)"        [_thread_blocked, id=1668, stack(0x000000c0f0900000,0x000000c0f0a00000) (1024K)]
  0x000002685b52a750 JavaThread "Cache worker for cache directory md-supplier (C:\Users\X4P\.gradle\caches\8.13\md-supplier)"        [_thread_blocked, id=13464, stack(0x000000c0f0a00000,0x000000c0f0b00000) (1024K)]
  0x000002685b52b470 JavaThread "Cache worker for cache directory md-rule (C:\Users\X4P\.gradle\caches\8.13\md-rule)"        [_thread_blocked, id=9708, stack(0x000000c0f0b00000,0x000000c0f0c00000) (1024K)]
  0x000002685d0d67e0 JavaThread "Unconstrained build operations"        [_thread_in_Java, id=2848, stack(0x000000c0f0c00000,0x000000c0f0d00000) (1024K)]
  0x000002685d0d8f40 JavaThread "Unconstrained build operations Thread 2"        [_thread_blocked, id=2880, stack(0x000000c0f0d00000,0x000000c0f0e00000) (1024K)]
  0x000002685d0d95d0 JavaThread "Unconstrained build operations Thread 3"        [_thread_blocked, id=7148, stack(0x000000c0f0e00000,0x000000c0f0f00000) (1024K)]
  0x000002685d0d4710 JavaThread "Unconstrained build operations Thread 4"        [_thread_blocked, id=12596, stack(0x000000c0f0f00000,0x000000c0f1000000) (1024K)]
  0x000002685d0db010 JavaThread "Unconstrained build operations Thread 5"        [_thread_blocked, id=10884, stack(0x000000c0f1000000,0x000000c0f1100000) (1024K)]
  0x000002685d0db6a0 JavaThread "Unconstrained build operations Thread 6"        [_thread_in_Java, id=14868, stack(0x000000c0f1100000,0x000000c0f1200000) (1024K)]
  0x000002685d0dbd30 JavaThread "Unconstrained build operations Thread 7"        [_thread_blocked, id=12876, stack(0x000000c0f1200000,0x000000c0f1300000) (1024K)]
  0x000002685d0d4da0 JavaThread "Unconstrained build operations Thread 8"        [_thread_blocked, id=13468, stack(0x000000c0f1300000,0x000000c0f1400000) (1024K)]
  0x000002685d0d5430 JavaThread "Unconstrained build operations Thread 9"        [_thread_blocked, id=14832, stack(0x000000c0f1400000,0x000000c0f1500000) (1024K)]
  0x000002685f013f60 JavaThread "Memory manager"                    [_thread_blocked, id=15248, stack(0x000000c0f1500000,0x000000c0f1600000) (1024K)]
  0x000002685f0145f0 JavaThread "build event listener"              [_thread_blocked, id=6944, stack(0x000000c0f1600000,0x000000c0f1700000) (1024K)]
  0x000002686d88f830 JavaThread "included builds"                   [_thread_blocked, id=14080, stack(0x000000c0f1700000,0x000000c0f1800000) (1024K)]
  0x000002686d890be0 JavaThread "Execution worker"                  [_thread_in_vm, id=10848, stack(0x000000c0f1800000,0x000000c0f1900000) (1024K)]
  0x000002686d891900 JavaThread "Execution worker Thread 2"         [_thread_blocked, id=7492, stack(0x000000c0f1900000,0x000000c0f1a00000) (1024K)]
  0x000002686d893340 JavaThread "Execution worker Thread 3"         [_thread_blocked, id=2980, stack(0x000000c0f1a00000,0x000000c0f1b00000) (1024K)]
  0x000002686d891270 JavaThread "Cache worker for execution history cache (C:\Users\X4P\AndroidStudioProjects\manchorati\.gradle\8.13\executionHistory)"        [_thread_blocked, id=7192, stack(0x000000c0f1b00000,0x000000c0f1c00000) (1024K)]
  0x000002686d88ddf0 JavaThread "Unconstrained build operations Thread 10"        [_thread_blocked, id=6552, stack(0x000000c0f1c00000,0x000000c0f1d00000) (1024K)]
  0x000002686d894060 JavaThread "Unconstrained build operations Thread 11"        [_thread_blocked, id=15228, stack(0x000000c0f1d00000,0x000000c0f1e00000) (1024K)]
  0x000002685bcb7c70 JavaThread "Unconstrained build operations Thread 12"        [_thread_blocked, id=5524, stack(0x000000c0f1f00000,0x000000c0f2000000) (1024K)]
  0x000002686e45d390 JavaThread "Unconstrained build operations Thread 13"        [_thread_blocked, id=14928, stack(0x000000c0f2000000,0x000000c0f2100000) (1024K)]
  0x000002685b47a040 JavaThread "Unconstrained build operations Thread 14"        [_thread_blocked, id=7212, stack(0x000000c0f2100000,0x000000c0f2200000) (1024K)]
  0x000002685b477250 JavaThread "Unconstrained build operations Thread 15"        [_thread_blocked, id=5048, stack(0x000000c0f2200000,0x000000c0f2300000) (1024K)]
  0x000002685b4799b0 JavaThread "Unconstrained build operations Thread 16"        [_thread_blocked, id=14684, stack(0x000000c0f2300000,0x000000c0f2400000) (1024K)]
  0x000002685b47a6d0 JavaThread "Unconstrained build operations Thread 17"        [_thread_blocked, id=6636, stack(0x000000c0f2400000,0x000000c0f2500000) (1024K)]
  0x000002685b4778e0 JavaThread "Unconstrained build operations Thread 18"        [_thread_blocked, id=10344, stack(0x000000c0f2500000,0x000000c0f2600000) (1024K)]
  0x000002685b47ce30 JavaThread "Unconstrained build operations Thread 19"        [_thread_blocked, id=1660, stack(0x000000c0f2600000,0x000000c0f2700000) (1024K)]
  0x000002685b475ea0 JavaThread "Unconstrained build operations Thread 20"        [_thread_blocked, id=13588, stack(0x000000c0f2700000,0x000000c0f2800000) (1024K)]
  0x000002685b47b3f0 JavaThread "Unconstrained build operations Thread 21"        [_thread_blocked, id=11216, stack(0x000000c0f2800000,0x000000c0f2900000) (1024K)]
  0x000002685b47c7a0 JavaThread "Unconstrained build operations Thread 22"        [_thread_blocked, id=6884, stack(0x000000c0f2900000,0x000000c0f2a00000) (1024K)]
  0x000002685b484450 JavaThread "WorkerExecutor Queue"              [_thread_blocked, id=1396, stack(0x000000c0f2a00000,0x000000c0f2b00000) (1024K)]
  0x000002685b480940 JavaThread "WorkerExecutor Queue Thread 2"        [_thread_blocked, id=8236, stack(0x000000c0f2b00000,0x000000c0f2c00000) (1024K)]
  0x000002685b483dc0 JavaThread "WorkerExecutor Queue Thread 3"        [_thread_blocked, id=12708, stack(0x000000c0f2c00000,0x000000c0f2d00000) (1024K)]
  0x000002685b480fd0 JavaThread "WorkerExecutor Queue Thread 4"        [_thread_blocked, id=5216, stack(0x000000c0f2d00000,0x000000c0f2e00000) (1024K)]
  0x000002685b482380 JavaThread "Unconstrained build operations Thread 23"        [_thread_blocked, id=8668, stack(0x000000c0f2e00000,0x000000c0f2f00000) (1024K)]
  0x000002685b4830a0 JavaThread "Unconstrained build operations Thread 24"        [_thread_blocked, id=7844, stack(0x000000c0f2f00000,0x000000c0f3000000) (1024K)]
  0x000002685b485170 JavaThread "Unconstrained build operations Thread 25"        [_thread_blocked, id=9188, stack(0x000000c0f3000000,0x000000c0f3100000) (1024K)]
  0x000002685b483730 JavaThread "Unconstrained build operations Thread 26"        [_thread_blocked, id=12412, stack(0x000000c0f3100000,0x000000c0f3200000) (1024K)]
  0x000002686db9e740 JavaThread "Unconstrained build operations Thread 27"        [_thread_blocked, id=13088, stack(0x000000c0f3200000,0x000000c0f3300000) (1024K)]
  0x000002686dba0180 JavaThread "Unconstrained build operations Thread 28"        [_thread_blocked, id=3112, stack(0x000000c0f3300000,0x000000c0f3400000) (1024K)]
  0x000002686d88e480 JavaThread "Unconstrained build operations Thread 29"        [_thread_blocked, id=12140, stack(0x000000c0f3400000,0x000000c0f3500000) (1024K)]
  0x000002686f47f7d0 JavaThread "Unconstrained build operations Thread 30"        [_thread_blocked, id=892, stack(0x000000c0f3500000,0x000000c0f3600000) (1024K)]
  0x000002686f480b80 JavaThread "Unconstrained build operations Thread 31"        [_thread_blocked, id=6976, stack(0x000000c0f3600000,0x000000c0f3700000) (1024K)]
  0x000002686f4804f0 JavaThread "Unconstrained build operations Thread 32"        [_thread_blocked, id=10732, stack(0x000000c0f3700000,0x000000c0f3800000) (1024K)]
  0x000002686f484690 JavaThread "Unconstrained build operations Thread 33"        [_thread_blocked, id=12324, stack(0x000000c0f3800000,0x000000c0f3900000) (1024K)]
  0x000002686f481210 JavaThread "Unconstrained build operations Thread 34"        [_thread_blocked, id=13480, stack(0x000000c0f3900000,0x000000c0f3a00000) (1024K)]
  0x000002686f47e420 JavaThread "Unconstrained build operations Thread 35"        [_thread_blocked, id=10552, stack(0x000000c0f3a00000,0x000000c0f3b00000) (1024K)]
  0x000002686f484d20 JavaThread "Unconstrained build operations Thread 36"        [_thread_blocked, id=12788, stack(0x000000c0f3b00000,0x000000c0f3c00000) (1024K)]
  0x000002686f4825c0 JavaThread "Unconstrained build operations Thread 37"        [_thread_blocked, id=284, stack(0x000000c0f3c00000,0x000000c0f3d00000) (1024K)]
  0x000002686f483970 JavaThread "Unconstrained build operations Thread 38"        [_thread_blocked, id=11248, stack(0x000000c0f3d00000,0x000000c0f3e00000) (1024K)]
  0x000002686f47dd90 JavaThread "Unconstrained build operations Thread 39"        [_thread_blocked, id=14248, stack(0x000000c0f3e00000,0x000000c0f3f00000) (1024K)]
  0x000002686f486df0 JavaThread "Unconstrained build operations Thread 40"        [_thread_blocked, id=13656, stack(0x000000c0f3f00000,0x000000c0f4000000) (1024K)]
  0x000002686f47fe60 JavaThread "pool-3-thread-1"                   [_thread_blocked, id=13560, stack(0x000000c0f4000000,0x000000c0f4100000) (1024K)]
  0x000002686f487480 JavaThread "stderr"                            [_thread_in_native, id=12532, stack(0x000000c0f4100000,0x000000c0f4200000) (1024K)]
  0x000002686f48bcb0 JavaThread "stdout"                            [_thread_in_native, id=6148, stack(0x000000c0f4200000,0x000000c0f4300000) (1024K)]
  0x000002685e873e70 JavaThread "C2 CompilerThread1"         daemon [_thread_in_native, id=11460, stack(0x000000c0f0700000,0x000000c0f0800000) (1024K)]
Total: 87

Other Threads:
  0x000002687ee3b600 VMThread "VM Thread"                           [id=15252, stack(0x000000c0ee800000,0x000000c0ee900000) (1024K)]
  0x000002687ee28890 WatcherThread "VM Periodic Task Thread"        [id=8212, stack(0x000000c0ee700000,0x000000c0ee800000) (1024K)]
  0x000002687599d720 WorkerThread "GC Thread#0"                     [id=15124, stack(0x000000c0ee200000,0x000000c0ee300000) (1024K)]
  0x0000026858341420 WorkerThread "GC Thread#1"                     [id=1572, stack(0x000000c0ef300000,0x000000c0ef400000) (1024K)]
  0x00000268583417d0 WorkerThread "GC Thread#2"                     [id=5684, stack(0x000000c0ef400000,0x000000c0ef500000) (1024K)]
  0x0000026858354040 WorkerThread "GC Thread#3"                     [id=11628, stack(0x000000c0ef500000,0x000000c0ef600000) (1024K)]
  0x00000268759b2520 ConcurrentGCThread "G1 Main Marker"            [id=14948, stack(0x000000c0ee300000,0x000000c0ee400000) (1024K)]
  0x00000268759b3140 WorkerThread "G1 Conc#0"                       [id=10340, stack(0x000000c0ee400000,0x000000c0ee500000) (1024K)]
  0x000002687ecef140 ConcurrentGCThread "G1 Refine#0"               [id=8828, stack(0x000000c0ee500000,0x000000c0ee600000) (1024K)]
  0x000002687ecef970 ConcurrentGCThread "G1 Service"                [id=12728, stack(0x000000c0ee600000,0x000000c0ee700000) (1024K)]
Total: 10

Threads with active compile tasks:
C2 CompilerThread0  56792 23335       4       com.android.tools.r8.internal.gt::a (4509 bytes)
C1 CompilerThread0  56792 23592       2       com.android.tools.r8.graph.j3::U0 (9 bytes)
C2 CompilerThread1  56792 23571       4       com.android.tools.r8.graph.u3::b (19 bytes)
Total: 3

VM state: not at safepoint (normal execution)

VM Mutex/Monitor currently owned by a thread: None

Heap address: 0x0000000080000000, size: 2048 MB, Compressed Oops mode: 32-bit

CDS archive(s) mapped at: [0x0000026813000000-0x0000026813d70000-0x0000026813d70000), size 14090240, SharedBaseAddress: 0x0000026813000000, ArchiveRelocationMode: 1.
Compressed class space mapped at: 0x0000026814000000-0x0000026854000000, reserved size: 1073741824
Narrow klass base: 0x0000026813000000, Narrow klass shift: 0, Narrow klass range: 0x41000000

GC Precious Log:
 CardTable entry size: 512
 Card Set container configuration: InlinePtr #cards 5 size 8 Array Of Cards #cards 10 size 36 Howl #buckets 4 coarsen threshold 1843 Howl Bitmap #cards 512 size 80 coarsen threshold 460 Card regions per heap region 1 cards per card region 2048
 CPUs: 4 total, 4 available
 Memory: 8089M
 Large Page Support: Disabled
 NUMA Support: Disabled
 Compressed Oops: Enabled (32-bit)
 Heap Region Size: 1M
 Heap Min Capacity: 8M
 Heap Initial Capacity: 128M
 Heap Max Capacity: 2G
 Pre-touch: Disabled
 Parallel Workers: 4
 Concurrent Workers: 1
 Concurrent Refinement Workers: 4
 Periodic GC: Disabled

Heap:
 garbage-first heap   total reserved 2097152K, committed 326656K, used 266964K [0x0000000080000000, 0x0000000100000000)
  region size 1024K, 73 young (74752K), 11 survivors (11264K)
 Metaspace       used 182942K, committed 185792K, reserved 1245184K
  class space    used 24677K, committed 26048K, reserved 1048576K

Heap Regions: E=young(eden), S=young(survivor), O=old, HS=humongous(starts), HC=humongous(continues), CS=collection set, F=free, TAMS=top-at-mark-start, PB=parsable bottom
|   0|0x0000000080000000, 0x0000000080100000, 0x0000000080100000|100%|HS|  |TAMS 0x0000000080000000| PB 0x0000000080000000| Complete |  0
|   1|0x0000000080100000, 0x0000000080200000, 0x0000000080200000|100%|HC|  |TAMS 0x0000000080100000| PB 0x0000000080100000| Complete |  0
|   2|0x0000000080200000, 0x0000000080300000, 0x0000000080300000|100%|HC|  |TAMS 0x0000000080200000| PB 0x0000000080200000| Complete |  0
|   3|0x0000000080300000, 0x0000000080400000, 0x0000000080400000|100%| O|  |TAMS 0x0000000080300000| PB 0x0000000080300000| Untracked |  0
|   4|0x0000000080400000, 0x0000000080500000, 0x0000000080500000|100%| O|  |TAMS 0x0000000080400000| PB 0x0000000080400000| Untracked |  0
|   5|0x0000000080500000, 0x0000000080600000, 0x0000000080600000|100%| O|  |TAMS 0x0000000080500000| PB 0x0000000080500000| Untracked |  0
|   6|0x0000000080600000, 0x0000000080700000, 0x0000000080700000|100%| O|  |TAMS 0x0000000080600000| PB 0x0000000080600000| Untracked |  0
|   7|0x0000000080700000, 0x0000000080800000, 0x0000000080800000|100%| O|  |TAMS 0x0000000080700000| PB 0x0000000080700000| Untracked |  0
|   8|0x0000000080800000, 0x0000000080900000, 0x0000000080900000|100%| O|  |TAMS 0x0000000080800000| PB 0x0000000080800000| Untracked |  0
|   9|0x0000000080900000, 0x0000000080a00000, 0x0000000080a00000|100%| O|  |TAMS 0x0000000080900000| PB 0x0000000080900000| Untracked |  0
|  10|0x0000000080a00000, 0x0000000080b00000, 0x0000000080b00000|100%|HS|  |TAMS 0x0000000080a00000| PB 0x0000000080a00000| Complete |  0
|  11|0x0000000080b00000, 0x0000000080c00000, 0x0000000080c00000|100%| O|  |TAMS 0x0000000080b00000| PB 0x0000000080b00000| Untracked |  0
|  12|0x0000000080c00000, 0x0000000080d00000, 0x0000000080d00000|100%| O|  |TAMS 0x0000000080c00000| PB 0x0000000080c00000| Untracked |  0
|  13|0x0000000080d00000, 0x0000000080e00000, 0x0000000080e00000|100%| O|  |TAMS 0x0000000080d00000| PB 0x0000000080d00000| Untracked |  0
|  14|0x0000000080e00000, 0x0000000080f00000, 0x0000000080f00000|100%| O|  |TAMS 0x0000000080e00000| PB 0x0000000080e00000| Untracked |  0
|  15|0x0000000080f00000, 0x0000000081000000, 0x0000000081000000|100%| O|  |TAMS 0x0000000080f00000| PB 0x0000000080f00000| Untracked |  0
|  16|0x0000000081000000, 0x0000000081100000, 0x0000000081100000|100%| O|  |TAMS 0x0000000081000000| PB 0x0000000081000000| Untracked |  0
|  17|0x0000000081100000, 0x0000000081200000, 0x0000000081200000|100%| O|  |TAMS 0x0000000081100000| PB 0x0000000081100000| Untracked |  0
|  18|0x0000000081200000, 0x0000000081300000, 0x0000000081300000|100%| O|  |TAMS 0x0000000081200000| PB 0x0000000081200000| Untracked |  0
|  19|0x0000000081300000, 0x0000000081400000, 0x0000000081400000|100%| O|  |TAMS 0x0000000081300000| PB 0x0000000081300000| Untracked |  0
|  20|0x0000000081400000, 0x0000000081500000, 0x0000000081500000|100%| O|  |TAMS 0x0000000081400000| PB 0x0000000081400000| Untracked |  0
|  21|0x0000000081500000, 0x0000000081600000, 0x0000000081600000|100%| O|  |TAMS 0x0000000081500000| PB 0x0000000081500000| Untracked |  0
|  22|0x0000000081600000, 0x0000000081700000, 0x0000000081700000|100%| O|  |TAMS 0x0000000081600000| PB 0x0000000081600000| Untracked |  0
|  23|0x0000000081700000, 0x0000000081800000, 0x0000000081800000|100%| O|  |TAMS 0x0000000081700000| PB 0x0000000081700000| Untracked |  0
|  24|0x0000000081800000, 0x0000000081900000, 0x0000000081900000|100%| O|  |TAMS 0x0000000081800000| PB 0x0000000081800000| Untracked |  0
|  25|0x0000000081900000, 0x0000000081a00000, 0x0000000081a00000|100%| O|  |TAMS 0x0000000081900000| PB 0x0000000081900000| Untracked |  0
|  26|0x0000000081a00000, 0x0000000081b00000, 0x0000000081b00000|100%| O|  |TAMS 0x0000000081a00000| PB 0x0000000081a00000| Untracked |  0
|  27|0x0000000081b00000, 0x0000000081c00000, 0x0000000081c00000|100%| O|  |TAMS 0x0000000081b00000| PB 0x0000000081b00000| Untracked |  0
|  28|0x0000000081c00000, 0x0000000081d00000, 0x0000000081d00000|100%| O|  |TAMS 0x0000000081c00000| PB 0x0000000081c00000| Untracked |  0
|  29|0x0000000081d00000, 0x0000000081e00000, 0x0000000081e00000|100%| O|  |TAMS 0x0000000081d00000| PB 0x0000000081d00000| Untracked |  0
|  30|0x0000000081e00000, 0x0000000081f00000, 0x0000000081f00000|100%| O|  |TAMS 0x0000000081e00000| PB 0x0000000081e00000| Untracked |  0
|  31|0x0000000081f00000, 0x0000000082000000, 0x0000000082000000|100%| O|  |TAMS 0x0000000081f00000| PB 0x0000000081f00000| Untracked |  0
|  32|0x0000000082000000, 0x0000000082100000, 0x0000000082100000|100%| O|  |TAMS 0x0000000082000000| PB 0x0000000082000000| Untracked |  0
|  33|0x0000000082100000, 0x0000000082200000, 0x0000000082200000|100%| O|  |TAMS 0x0000000082100000| PB 0x0000000082100000| Untracked |  0
|  34|0x0000000082200000, 0x0000000082300000, 0x0000000082300000|100%| O|  |TAMS 0x0000000082200000| PB 0x0000000082200000| Untracked |  0
|  35|0x0000000082300000, 0x0000000082400000, 0x0000000082400000|100%| O|  |TAMS 0x0000000082300000| PB 0x0000000082300000| Untracked |  0
|  36|0x0000000082400000, 0x0000000082500000, 0x0000000082500000|100%| O|  |TAMS 0x0000000082400000| PB 0x0000000082400000| Untracked |  0
|  37|0x0000000082500000, 0x0000000082600000, 0x0000000082600000|100%| O|  |TAMS 0x0000000082500000| PB 0x0000000082500000| Untracked |  0
|  38|0x0000000082600000, 0x0000000082700000, 0x0000000082700000|100%| O|  |TAMS 0x0000000082600000| PB 0x0000000082600000| Untracked |  0
|  39|0x0000000082700000, 0x0000000082800000, 0x0000000082800000|100%| O|  |TAMS 0x0000000082700000| PB 0x0000000082700000| Untracked |  0
|  40|0x0000000082800000, 0x0000000082900000, 0x0000000082900000|100%| O|  |TAMS 0x0000000082800000| PB 0x0000000082800000| Untracked |  0
|  41|0x0000000082900000, 0x0000000082a00000, 0x0000000082a00000|100%| O|  |TAMS 0x0000000082900000| PB 0x0000000082900000| Untracked |  0
|  42|0x0000000082a00000, 0x0000000082b00000, 0x0000000082b00000|100%| O|  |TAMS 0x0000000082a00000| PB 0x0000000082a00000| Untracked |  0
|  43|0x0000000082b00000, 0x0000000082c00000, 0x0000000082c00000|100%| O|  |TAMS 0x0000000082b00000| PB 0x0000000082b00000| Untracked |  0
|  44|0x0000000082c00000, 0x0000000082d00000, 0x0000000082d00000|100%| O|  |TAMS 0x0000000082c00000| PB 0x0000000082c00000| Untracked |  0
|  45|0x0000000082d00000, 0x0000000082e00000, 0x0000000082e00000|100%| O|  |TAMS 0x0000000082d00000| PB 0x0000000082d00000| Untracked |  0
|  46|0x0000000082e00000, 0x0000000082f00000, 0x0000000082f00000|100%| O|  |TAMS 0x0000000082e00000| PB 0x0000000082e00000| Untracked |  0
|  47|0x0000000082f00000, 0x0000000083000000, 0x0000000083000000|100%| O|  |TAMS 0x0000000082f00000| PB 0x0000000082f00000| Untracked |  0
|  48|0x0000000083000000, 0x0000000083100000, 0x0000000083100000|100%| O|  |TAMS 0x0000000083000000| PB 0x0000000083000000| Untracked |  0
|  49|0x0000000083100000, 0x0000000083200000, 0x0000000083200000|100%|HS|  |TAMS 0x0000000083100000| PB 0x0000000083100000| Complete |  0
|  50|0x0000000083200000, 0x0000000083300000, 0x0000000083300000|100%| O|  |TAMS 0x0000000083200000| PB 0x0000000083200000| Untracked |  0
|  51|0x0000000083300000, 0x0000000083400000, 0x0000000083400000|100%| O|  |TAMS 0x0000000083300000| PB 0x0000000083300000| Untracked |  0
|  52|0x0000000083400000, 0x0000000083500000, 0x0000000083500000|100%| O|  |TAMS 0x0000000083400000| PB 0x0000000083400000| Untracked |  0
|  53|0x0000000083500000, 0x0000000083600000, 0x0000000083600000|100%| O|  |TAMS 0x0000000083500000| PB 0x0000000083500000| Untracked |  0
|  54|0x0000000083600000, 0x0000000083700000, 0x0000000083700000|100%| O|  |TAMS 0x0000000083600000| PB 0x0000000083600000| Untracked |  0
|  55|0x0000000083700000, 0x0000000083800000, 0x0000000083800000|100%| O|  |TAMS 0x0000000083700000| PB 0x0000000083700000| Untracked |  0
|  56|0x0000000083800000, 0x0000000083900000, 0x0000000083900000|100%| O|  |TAMS 0x0000000083800000| PB 0x0000000083800000| Untracked |  0
|  57|0x0000000083900000, 0x0000000083a00000, 0x0000000083a00000|100%| O|  |TAMS 0x0000000083900000| PB 0x0000000083900000| Untracked |  0
|  58|0x0000000083a00000, 0x0000000083b00000, 0x0000000083b00000|100%| O|  |TAMS 0x0000000083a00000| PB 0x0000000083a00000| Untracked |  0
|  59|0x0000000083b00000, 0x0000000083c00000, 0x0000000083c00000|100%| O|  |TAMS 0x0000000083b00000| PB 0x0000000083b00000| Untracked |  0
|  60|0x0000000083c00000, 0x0000000083d00000, 0x0000000083d00000|100%| O|  |TAMS 0x0000000083c00000| PB 0x0000000083c00000| Untracked |  0
|  61|0x0000000083d00000, 0x0000000083e00000, 0x0000000083e00000|100%| O|  |TAMS 0x0000000083d00000| PB 0x0000000083d00000| Untracked |  0
|  62|0x0000000083e00000, 0x0000000083f00000, 0x0000000083f00000|100%| O|  |TAMS 0x0000000083e00000| PB 0x0000000083e00000| Untracked |  0
|  63|0x0000000083f00000, 0x0000000084000000, 0x0000000084000000|100%| O|  |TAMS 0x0000000083f00000| PB 0x0000000083f00000| Untracked |  0
|  64|0x0000000084000000, 0x0000000084100000, 0x0000000084100000|100%| O|  |TAMS 0x0000000084000000| PB 0x0000000084000000| Untracked |  0
|  65|0x0000000084100000, 0x0000000084200000, 0x0000000084200000|100%| O|  |TAMS 0x0000000084100000| PB 0x0000000084100000| Untracked |  0
|  66|0x0000000084200000, 0x0000000084300000, 0x0000000084300000|100%| O|  |TAMS 0x0000000084200000| PB 0x0000000084200000| Untracked |  0
|  67|0x0000000084300000, 0x0000000084400000, 0x0000000084400000|100%| O|  |TAMS 0x0000000084300000| PB 0x0000000084300000| Untracked |  0
|  68|0x0000000084400000, 0x0000000084500000, 0x0000000084500000|100%| O|  |TAMS 0x0000000084400000| PB 0x0000000084400000| Untracked |  0
|  69|0x0000000084500000, 0x0000000084600000, 0x0000000084600000|100%| O|  |TAMS 0x0000000084500000| PB 0x0000000084500000| Untracked |  0
|  70|0x0000000084600000, 0x0000000084700000, 0x0000000084700000|100%| O|  |TAMS 0x0000000084600000| PB 0x0000000084600000| Untracked |  0
|  71|0x0000000084700000, 0x0000000084800000, 0x0000000084800000|100%| O|  |TAMS 0x0000000084700000| PB 0x0000000084700000| Untracked |  0
|  72|0x0000000084800000, 0x0000000084900000, 0x0000000084900000|100%| O|  |TAMS 0x0000000084800000| PB 0x0000000084800000| Untracked |  0
|  73|0x0000000084900000, 0x0000000084a00000, 0x0000000084a00000|100%| O|  |TAMS 0x0000000084900000| PB 0x0000000084900000| Untracked |  0
|  74|0x0000000084a00000, 0x0000000084b00000, 0x0000000084b00000|100%| O|  |TAMS 0x0000000084a00000| PB 0x0000000084a00000| Untracked |  0
|  75|0x0000000084b00000, 0x0000000084c00000, 0x0000000084c00000|100%| O|  |TAMS 0x0000000084b00000| PB 0x0000000084b00000| Untracked |  0
|  76|0x0000000084c00000, 0x0000000084d00000, 0x0000000084d00000|100%| O|  |TAMS 0x0000000084c00000| PB 0x0000000084c00000| Untracked |  0
|  77|0x0000000084d00000, 0x0000000084e00000, 0x0000000084e00000|100%| O|  |TAMS 0x0000000084d00000| PB 0x0000000084d00000| Untracked |  0
|  78|0x0000000084e00000, 0x0000000084f00000, 0x0000000084f00000|100%| O|  |TAMS 0x0000000084e00000| PB 0x0000000084e00000| Untracked |  0
|  79|0x0000000084f00000, 0x0000000085000000, 0x0000000085000000|100%|HS|  |TAMS 0x0000000084f00000| PB 0x0000000084f00000| Complete |  0
|  80|0x0000000085000000, 0x0000000085100000, 0x0000000085100000|100%|HS|  |TAMS 0x0000000085000000| PB 0x0000000085000000| Complete |  0
|  81|0x0000000085100000, 0x0000000085200000, 0x0000000085200000|100%|HS|  |TAMS 0x0000000085100000| PB 0x0000000085100000| Complete |  0
|  82|0x0000000085200000, 0x0000000085300000, 0x0000000085300000|100%|HC|  |TAMS 0x0000000085200000| PB 0x0000000085200000| Complete |  0
|  83|0x0000000085300000, 0x0000000085400000, 0x0000000085400000|100%|HS|  |TAMS 0x0000000085300000| PB 0x0000000085300000| Complete |  0
|  84|0x0000000085400000, 0x0000000085500000, 0x0000000085500000|100%|HC|  |TAMS 0x0000000085400000| PB 0x0000000085400000| Complete |  0
|  85|0x0000000085500000, 0x0000000085600000, 0x0000000085600000|100%|HC|  |TAMS 0x0000000085500000| PB 0x0000000085500000| Complete |  0
|  86|0x0000000085600000, 0x0000000085700000, 0x0000000085700000|100%|HS|  |TAMS 0x0000000085600000| PB 0x0000000085600000| Complete |  0
|  87|0x0000000085700000, 0x0000000085800000, 0x0000000085800000|100%| O|  |TAMS 0x0000000085700000| PB 0x0000000085700000| Untracked |  0
|  88|0x0000000085800000, 0x0000000085900000, 0x0000000085900000|100%| O|  |TAMS 0x0000000085800000| PB 0x0000000085800000| Untracked |  0
|  89|0x0000000085900000, 0x0000000085a00000, 0x0000000085a00000|100%| O|  |TAMS 0x0000000085900000| PB 0x0000000085900000| Untracked |  0
|  90|0x0000000085a00000, 0x0000000085b00000, 0x0000000085b00000|100%| O|  |TAMS 0x0000000085a00000| PB 0x0000000085a00000| Untracked |  0
|  91|0x0000000085b00000, 0x0000000085c00000, 0x0000000085c00000|100%| O|  |TAMS 0x0000000085b00000| PB 0x0000000085b00000| Untracked |  0
|  92|0x0000000085c00000, 0x0000000085d00000, 0x0000000085d00000|100%| O|  |TAMS 0x0000000085c00000| PB 0x0000000085c00000| Untracked |  0
|  93|0x0000000085d00000, 0x0000000085e00000, 0x0000000085e00000|100%| O|  |TAMS 0x0000000085d00000| PB 0x0000000085d00000| Untracked |  0
|  94|0x0000000085e00000, 0x0000000085f00000, 0x0000000085f00000|100%| O|  |TAMS 0x0000000085e00000| PB 0x0000000085e00000| Untracked |  0
|  95|0x0000000085f00000, 0x0000000086000000, 0x0000000086000000|100%| O|  |TAMS 0x0000000085f00000| PB 0x0000000085f00000| Untracked |  0
|  96|0x0000000086000000, 0x0000000086100000, 0x0000000086100000|100%| O|  |TAMS 0x0000000086000000| PB 0x0000000086000000| Untracked |  0
|  97|0x0000000086100000, 0x0000000086200000, 0x0000000086200000|100%| O|  |TAMS 0x0000000086100000| PB 0x0000000086100000| Untracked |  0
|  98|0x0000000086200000, 0x0000000086200000, 0x0000000086300000|  0%| F|  |TAMS 0x0000000086200000| PB 0x0000000086200000| Untracked |  0
|  99|0x0000000086300000, 0x0000000086400000, 0x0000000086400000|100%| O|  |TAMS 0x0000000086300000| PB 0x0000000086300000| Untracked |  0
| 100|0x0000000086400000, 0x0000000086500000, 0x0000000086500000|100%|HS|  |TAMS 0x0000000086400000| PB 0x0000000086400000| Complete |  0
| 101|0x0000000086500000, 0x0000000086600000, 0x0000000086600000|100%|HC|  |TAMS 0x0000000086500000| PB 0x0000000086500000| Complete |  0
| 102|0x0000000086600000, 0x0000000086700000, 0x0000000086700000|100%|HS|  |TAMS 0x0000000086600000| PB 0x0000000086600000| Complete |  0
| 103|0x0000000086700000, 0x0000000086800000, 0x0000000086800000|100%|HS|  |TAMS 0x0000000086700000| PB 0x0000000086700000| Complete |  0
| 104|0x0000000086800000, 0x0000000086900000, 0x0000000086900000|100%| O|  |TAMS 0x0000000086800000| PB 0x0000000086800000| Untracked |  0
| 105|0x0000000086900000, 0x0000000086a00000, 0x0000000086a00000|100%| O|  |TAMS 0x0000000086900000| PB 0x0000000086900000| Untracked |  0
| 106|0x0000000086a00000, 0x0000000086b00000, 0x0000000086b00000|100%| O|  |TAMS 0x0000000086a00000| PB 0x0000000086a00000| Untracked |  0
| 107|0x0000000086b00000, 0x0000000086c00000, 0x0000000086c00000|100%| O|  |TAMS 0x0000000086b00000| PB 0x0000000086b00000| Untracked |  0
| 108|0x0000000086c00000, 0x0000000086d00000, 0x0000000086d00000|100%| O|  |TAMS 0x0000000086c00000| PB 0x0000000086c00000| Untracked |  0
| 109|0x0000000086d00000, 0x0000000086e00000, 0x0000000086e00000|100%| O|  |TAMS 0x0000000086d00000| PB 0x0000000086d00000| Untracked |  0
| 110|0x0000000086e00000, 0x0000000086f00000, 0x0000000086f00000|100%| O|  |TAMS 0x0000000086e00000| PB 0x0000000086e00000| Untracked |  0
| 111|0x0000000086f00000, 0x0000000087000000, 0x0000000087000000|100%| O|  |TAMS 0x0000000086f00000| PB 0x0000000086f00000| Untracked |  0
| 112|0x0000000087000000, 0x0000000087100000, 0x0000000087100000|100%|HS|  |TAMS 0x0000000087000000| PB 0x0000000087000000| Complete |  0
| 113|0x0000000087100000, 0x0000000087200000, 0x0000000087200000|100%| O|  |TAMS 0x0000000087100000| PB 0x0000000087100000| Untracked |  0
| 114|0x0000000087200000, 0x0000000087300000, 0x0000000087300000|100%| O|  |TAMS 0x0000000087200000| PB 0x0000000087200000| Untracked |  0
| 115|0x0000000087300000, 0x0000000087400000, 0x0000000087400000|100%| O|  |TAMS 0x0000000087300000| PB 0x0000000087300000| Untracked |  0
| 116|0x0000000087400000, 0x0000000087500000, 0x0000000087500000|100%| O|  |TAMS 0x0000000087400000| PB 0x0000000087400000| Untracked |  0
| 117|0x0000000087500000, 0x0000000087600000, 0x0000000087600000|100%| O|  |TAMS 0x0000000087500000| PB 0x0000000087500000| Untracked |  0
| 118|0x0000000087600000, 0x0000000087700000, 0x0000000087700000|100%| O|  |TAMS 0x0000000087600000| PB 0x0000000087600000| Untracked |  0
| 119|0x0000000087700000, 0x0000000087800000, 0x0000000087800000|100%| O|  |TAMS 0x0000000087700000| PB 0x0000000087700000| Untracked |  0
| 120|0x0000000087800000, 0x0000000087900000, 0x0000000087900000|100%| O|  |TAMS 0x0000000087800000| PB 0x0000000087800000| Untracked |  0
| 121|0x0000000087900000, 0x0000000087a00000, 0x0000000087a00000|100%| O|  |TAMS 0x0000000087900000| PB 0x0000000087900000| Untracked |  0
| 122|0x0000000087a00000, 0x0000000087b00000, 0x0000000087b00000|100%| O|  |TAMS 0x0000000087a00000| PB 0x0000000087a00000| Untracked |  0
| 123|0x0000000087b00000, 0x0000000087c00000, 0x0000000087c00000|100%|HS|  |TAMS 0x0000000087b00000| PB 0x0000000087b00000| Complete |  0
| 124|0x0000000087c00000, 0x0000000087d00000, 0x0000000087d00000|100%|HC|  |TAMS 0x0000000087c00000| PB 0x0000000087c00000| Complete |  0
| 125|0x0000000087d00000, 0x0000000087e00000, 0x0000000087e00000|100%|HC|  |TAMS 0x0000000087d00000| PB 0x0000000087d00000| Complete |  0
| 126|0x0000000087e00000, 0x0000000087f00000, 0x0000000087f00000|100%| O|  |TAMS 0x0000000087e00000| PB 0x0000000087e00000| Untracked |  0
| 127|0x0000000087f00000, 0x0000000088000000, 0x0000000088000000|100%| O|  |TAMS 0x0000000087f00000| PB 0x0000000087f00000| Untracked |  0
| 128|0x0000000088000000, 0x0000000088100000, 0x0000000088100000|100%| O|  |TAMS 0x0000000088000000| PB 0x0000000088000000| Untracked |  0
| 129|0x0000000088100000, 0x0000000088200000, 0x0000000088200000|100%| O|  |TAMS 0x0000000088100000| PB 0x0000000088100000| Untracked |  0
| 130|0x0000000088200000, 0x0000000088300000, 0x0000000088300000|100%| O|  |TAMS 0x0000000088200000| PB 0x0000000088200000| Untracked |  0
| 131|0x0000000088300000, 0x0000000088400000, 0x0000000088400000|100%| O|  |TAMS 0x0000000088300000| PB 0x0000000088300000| Untracked |  0
| 132|0x0000000088400000, 0x0000000088500000, 0x0000000088500000|100%| O|  |TAMS 0x0000000088400000| PB 0x0000000088400000| Untracked |  0
| 133|0x0000000088500000, 0x0000000088600000, 0x0000000088600000|100%| O|  |TAMS 0x0000000088500000| PB 0x0000000088500000| Untracked |  0
| 134|0x0000000088600000, 0x0000000088700000, 0x0000000088700000|100%| O|  |TAMS 0x0000000088600000| PB 0x0000000088600000| Untracked |  0
| 135|0x0000000088700000, 0x0000000088800000, 0x0000000088800000|100%| O|  |TAMS 0x0000000088700000| PB 0x0000000088700000| Untracked |  0
| 136|0x0000000088800000, 0x0000000088900000, 0x0000000088900000|100%| O|  |TAMS 0x0000000088800000| PB 0x0000000088800000| Untracked |  0
| 137|0x0000000088900000, 0x0000000088a00000, 0x0000000088a00000|100%| O|  |TAMS 0x0000000088900000| PB 0x0000000088900000| Untracked |  0
| 138|0x0000000088a00000, 0x0000000088b00000, 0x0000000088b00000|100%| O|  |TAMS 0x0000000088a00000| PB 0x0000000088a00000| Untracked |  0
| 139|0x0000000088b00000, 0x0000000088c00000, 0x0000000088c00000|100%| O|  |TAMS 0x0000000088b00000| PB 0x0000000088b00000| Untracked |  0
| 140|0x0000000088c00000, 0x0000000088d00000, 0x0000000088d00000|100%| O|  |TAMS 0x0000000088c00000| PB 0x0000000088c00000| Untracked |  0
| 141|0x0000000088d00000, 0x0000000088e00000, 0x0000000088e00000|100%| O|  |TAMS 0x0000000088d00000| PB 0x0000000088d00000| Untracked |  0
| 142|0x0000000088e00000, 0x0000000088f00000, 0x0000000088f00000|100%| O|  |TAMS 0x0000000088e00000| PB 0x0000000088e00000| Untracked |  0
| 143|0x0000000088f00000, 0x0000000089000000, 0x0000000089000000|100%| O|  |TAMS 0x0000000088f00000| PB 0x0000000088f00000| Untracked |  0
| 144|0x0000000089000000, 0x0000000089100000, 0x0000000089100000|100%| O|  |TAMS 0x0000000089000000| PB 0x0000000089000000| Untracked |  0
| 145|0x0000000089100000, 0x0000000089100000, 0x0000000089200000|  0%| F|  |TAMS 0x0000000089100000| PB 0x0000000089100000| Untracked |  0
| 146|0x0000000089200000, 0x0000000089300000, 0x0000000089300000|100%| O|  |TAMS 0x0000000089200000| PB 0x0000000089200000| Untracked |  0
| 147|0x0000000089300000, 0x0000000089400000, 0x0000000089400000|100%| O|  |TAMS 0x0000000089300000| PB 0x0000000089300000| Untracked |  0
| 148|0x0000000089400000, 0x0000000089500000, 0x0000000089500000|100%| O|  |TAMS 0x0000000089400000| PB 0x0000000089400000| Untracked |  0
| 149|0x0000000089500000, 0x0000000089600000, 0x0000000089600000|100%| O|  |TAMS 0x0000000089500000| PB 0x0000000089500000| Untracked |  0
| 150|0x0000000089600000, 0x0000000089700000, 0x0000000089700000|100%| O|  |TAMS 0x0000000089600000| PB 0x0000000089600000| Untracked |  0
| 151|0x0000000089700000, 0x0000000089800000, 0x0000000089800000|100%| O|  |TAMS 0x0000000089700000| PB 0x0000000089700000| Untracked |  0
| 152|0x0000000089800000, 0x0000000089900000, 0x0000000089900000|100%| O|  |TAMS 0x0000000089800000| PB 0x0000000089800000| Untracked |  0
| 153|0x0000000089900000, 0x0000000089a00000, 0x0000000089a00000|100%| O|  |TAMS 0x0000000089900000| PB 0x0000000089900000| Untracked |  0
| 154|0x0000000089a00000, 0x0000000089a00000, 0x0000000089b00000|  0%| F|  |TAMS 0x0000000089a00000| PB 0x0000000089a00000| Untracked |  0
| 155|0x0000000089b00000, 0x0000000089b00000, 0x0000000089c00000|  0%| F|  |TAMS 0x0000000089b00000| PB 0x0000000089b00000| Untracked |  0
| 156|0x0000000089c00000, 0x0000000089c00000, 0x0000000089d00000|  0%| F|  |TAMS 0x0000000089c00000| PB 0x0000000089c00000| Untracked |  0
| 157|0x0000000089d00000, 0x0000000089e00000, 0x0000000089e00000|100%| O|  |TAMS 0x0000000089d00000| PB 0x0000000089d00000| Untracked |  0
| 158|0x0000000089e00000, 0x0000000089f00000, 0x0000000089f00000|100%| O|  |TAMS 0x0000000089e00000| PB 0x0000000089e00000| Untracked |  0
| 159|0x0000000089f00000, 0x000000008a000000, 0x000000008a000000|100%| O|  |TAMS 0x0000000089f00000| PB 0x0000000089f00000| Untracked |  0
| 160|0x000000008a000000, 0x000000008a100000, 0x000000008a100000|100%| O|  |TAMS 0x000000008a000000| PB 0x000000008a000000| Untracked |  0
| 161|0x000000008a100000, 0x000000008a200000, 0x000000008a200000|100%| O|  |TAMS 0x000000008a100000| PB 0x000000008a100000| Untracked |  0
| 162|0x000000008a200000, 0x000000008a300000, 0x000000008a300000|100%| O|  |TAMS 0x000000008a200000| PB 0x000000008a200000| Untracked |  0
| 163|0x000000008a300000, 0x000000008a400000, 0x000000008a400000|100%| O|  |TAMS 0x000000008a300000| PB 0x000000008a300000| Untracked |  0
| 164|0x000000008a400000, 0x000000008a400000, 0x000000008a500000|  0%| F|  |TAMS 0x000000008a400000| PB 0x000000008a400000| Untracked |  0
| 165|0x000000008a500000, 0x000000008a600000, 0x000000008a600000|100%| O|  |TAMS 0x000000008a500000| PB 0x000000008a500000| Untracked |  0
| 166|0x000000008a600000, 0x000000008a700000, 0x000000008a700000|100%| O|  |TAMS 0x000000008a600000| PB 0x000000008a600000| Untracked |  0
| 167|0x000000008a700000, 0x000000008a800000, 0x000000008a800000|100%| O|  |TAMS 0x000000008a700000| PB 0x000000008a700000| Untracked |  0
| 168|0x000000008a800000, 0x000000008a900000, 0x000000008a900000|100%| O|  |TAMS 0x000000008a800000| PB 0x000000008a800000| Untracked |  0
| 169|0x000000008a900000, 0x000000008aa00000, 0x000000008aa00000|100%| O|  |TAMS 0x000000008a900000| PB 0x000000008a900000| Untracked |  0
| 170|0x000000008aa00000, 0x000000008ab00000, 0x000000008ab00000|100%| O|  |TAMS 0x000000008aa00000| PB 0x000000008aa00000| Untracked |  0
| 171|0x000000008ab00000, 0x000000008ac00000, 0x000000008ac00000|100%| O|  |TAMS 0x000000008ab00000| PB 0x000000008ab00000| Untracked |  0
| 172|0x000000008ac00000, 0x000000008ad00000, 0x000000008ad00000|100%| O|  |TAMS 0x000000008ac00000| PB 0x000000008ac00000| Untracked |  0
| 173|0x000000008ad00000, 0x000000008ae00000, 0x000000008ae00000|100%| O|  |TAMS 0x000000008ad00000| PB 0x000000008ad00000| Untracked |  0
| 174|0x000000008ae00000, 0x000000008af00000, 0x000000008af00000|100%| O|  |TAMS 0x000000008ae00000| PB 0x000000008ae00000| Untracked |  0
| 175|0x000000008af00000, 0x000000008b000000, 0x000000008b000000|100%| O|  |TAMS 0x000000008af00000| PB 0x000000008af00000| Untracked |  0
| 176|0x000000008b000000, 0x000000008b100000, 0x000000008b100000|100%| O|  |TAMS 0x000000008b000000| PB 0x000000008b000000| Untracked |  0
| 177|0x000000008b100000, 0x000000008b200000, 0x000000008b200000|100%| O|  |TAMS 0x000000008b100000| PB 0x000000008b100000| Untracked |  0
| 178|0x000000008b200000, 0x000000008b300000, 0x000000008b300000|100%| O|  |TAMS 0x000000008b200000| PB 0x000000008b200000| Untracked |  0
| 179|0x000000008b300000, 0x000000008b400000, 0x000000008b400000|100%| O|  |TAMS 0x000000008b300000| PB 0x000000008b300000| Untracked |  0
| 180|0x000000008b400000, 0x000000008b500000, 0x000000008b500000|100%| O|  |TAMS 0x000000008b400000| PB 0x000000008b400000| Untracked |  0
| 181|0x000000008b500000, 0x000000008b600000, 0x000000008b600000|100%| O|  |TAMS 0x000000008b500000| PB 0x000000008b500000| Untracked |  0
| 182|0x000000008b600000, 0x000000008b6b53c8, 0x000000008b700000| 70%| O|  |TAMS 0x000000008b600000| PB 0x000000008b600000| Untracked |  0
| 183|0x000000008b700000, 0x000000008b700000, 0x000000008b800000|  0%| F|  |TAMS 0x000000008b700000| PB 0x000000008b700000| Untracked |  0
| 184|0x000000008b800000, 0x000000008b800000, 0x000000008b900000|  0%| F|  |TAMS 0x000000008b800000| PB 0x000000008b800000| Untracked |  0
| 185|0x000000008b900000, 0x000000008b900000, 0x000000008ba00000|  0%| F|  |TAMS 0x000000008b900000| PB 0x000000008b900000| Untracked |  0
| 186|0x000000008ba00000, 0x000000008ba00000, 0x000000008bb00000|  0%| F|  |TAMS 0x000000008ba00000| PB 0x000000008ba00000| Untracked |  0
| 187|0x000000008bb00000, 0x000000008bb00000, 0x000000008bc00000|  0%| F|  |TAMS 0x000000008bb00000| PB 0x000000008bb00000| Untracked |  0
| 188|0x000000008bc00000, 0x000000008bc00000, 0x000000008bd00000|  0%| F|  |TAMS 0x000000008bc00000| PB 0x000000008bc00000| Untracked |  0
| 189|0x000000008bd00000, 0x000000008bd00000, 0x000000008be00000|  0%| F|  |TAMS 0x000000008bd00000| PB 0x000000008bd00000| Untracked |  0
| 190|0x000000008be00000, 0x000000008be00000, 0x000000008bf00000|  0%| F|  |TAMS 0x000000008be00000| PB 0x000000008be00000| Untracked |  0
| 191|0x000000008bf00000, 0x000000008bf00000, 0x000000008c000000|  0%| F|  |TAMS 0x000000008bf00000| PB 0x000000008bf00000| Untracked |  0
| 192|0x000000008c000000, 0x000000008c100000, 0x000000008c100000|100%| S|CS|TAMS 0x000000008c000000| PB 0x000000008c000000| Complete |  0
| 193|0x000000008c100000, 0x000000008c200000, 0x000000008c200000|100%| S|CS|TAMS 0x000000008c100000| PB 0x000000008c100000| Complete |  0
| 194|0x000000008c200000, 0x000000008c300000, 0x000000008c300000|100%| S|CS|TAMS 0x000000008c200000| PB 0x000000008c200000| Complete |  0
| 195|0x000000008c300000, 0x000000008c400000, 0x000000008c400000|100%| S|CS|TAMS 0x000000008c300000| PB 0x000000008c300000| Complete |  0
| 196|0x000000008c400000, 0x000000008c500000, 0x000000008c500000|100%| S|CS|TAMS 0x000000008c400000| PB 0x000000008c400000| Complete |  0
| 197|0x000000008c500000, 0x000000008c500000, 0x000000008c600000|  0%| F|  |TAMS 0x000000008c500000| PB 0x000000008c500000| Untracked |  0
| 198|0x000000008c600000, 0x000000008c600000, 0x000000008c700000|  0%| F|  |TAMS 0x000000008c600000| PB 0x000000008c600000| Untracked |  0
| 199|0x000000008c700000, 0x000000008c800000, 0x000000008c800000|100%| S|CS|TAMS 0x000000008c700000| PB 0x000000008c700000| Complete |  0
| 200|0x000000008c800000, 0x000000008c900000, 0x000000008c900000|100%| S|CS|TAMS 0x000000008c800000| PB 0x000000008c800000| Complete |  0
| 201|0x000000008c900000, 0x000000008ca00000, 0x000000008ca00000|100%| S|CS|TAMS 0x000000008c900000| PB 0x000000008c900000| Complete |  0
| 202|0x000000008ca00000, 0x000000008cb00000, 0x000000008cb00000|100%| S|CS|TAMS 0x000000008ca00000| PB 0x000000008ca00000| Complete |  0
| 203|0x000000008cb00000, 0x000000008cb00000, 0x000000008cc00000|  0%| F|  |TAMS 0x000000008cb00000| PB 0x000000008cb00000| Untracked |  0
| 204|0x000000008cc00000, 0x000000008cc00000, 0x000000008cd00000|  0%| F|  |TAMS 0x000000008cc00000| PB 0x000000008cc00000| Untracked |  0
| 205|0x000000008cd00000, 0x000000008cd00000, 0x000000008ce00000|  0%| F|  |TAMS 0x000000008cd00000| PB 0x000000008cd00000| Untracked |  0
| 206|0x000000008ce00000, 0x000000008ce00000, 0x000000008cf00000|  0%| F|  |TAMS 0x000000008ce00000| PB 0x000000008ce00000| Untracked |  0
| 207|0x000000008cf00000, 0x000000008cf00000, 0x000000008d000000|  0%| F|  |TAMS 0x000000008cf00000| PB 0x000000008cf00000| Untracked |  0
| 208|0x000000008d000000, 0x000000008d000000, 0x000000008d100000|  0%| F|  |TAMS 0x000000008d000000| PB 0x000000008d000000| Untracked |  0
| 209|0x000000008d100000, 0x000000008d100000, 0x000000008d200000|  0%| F|  |TAMS 0x000000008d100000| PB 0x000000008d100000| Untracked |  0
| 210|0x000000008d200000, 0x000000008d200000, 0x000000008d300000|  0%| F|  |TAMS 0x000000008d200000| PB 0x000000008d200000| Untracked |  0
| 211|0x000000008d300000, 0x000000008d300000, 0x000000008d400000|  0%| F|  |TAMS 0x000000008d300000| PB 0x000000008d300000| Untracked |  0
| 212|0x000000008d400000, 0x000000008d400000, 0x000000008d500000|  0%| F|  |TAMS 0x000000008d400000| PB 0x000000008d400000| Untracked |  0
| 213|0x000000008d500000, 0x000000008d600000, 0x000000008d600000|100%| S|CS|TAMS 0x000000008d500000| PB 0x000000008d500000| Complete |  0
| 214|0x000000008d600000, 0x000000008d700000, 0x000000008d700000|100%| S|CS|TAMS 0x000000008d600000| PB 0x000000008d600000| Complete |  0
| 215|0x000000008d700000, 0x000000008d700000, 0x000000008d800000|  0%| F|  |TAMS 0x000000008d700000| PB 0x000000008d700000| Untracked |  0
| 216|0x000000008d800000, 0x000000008d800000, 0x000000008d900000|  0%| F|  |TAMS 0x000000008d800000| PB 0x000000008d800000| Untracked |  0
| 217|0x000000008d900000, 0x000000008d900000, 0x000000008da00000|  0%| F|  |TAMS 0x000000008d900000| PB 0x000000008d900000| Untracked |  0
| 218|0x000000008da00000, 0x000000008da00000, 0x000000008db00000|  0%| F|  |TAMS 0x000000008da00000| PB 0x000000008da00000| Untracked |  0
| 219|0x000000008db00000, 0x000000008db00000, 0x000000008dc00000|  0%| F|  |TAMS 0x000000008db00000| PB 0x000000008db00000| Untracked |  0
| 220|0x000000008dc00000, 0x000000008dc00000, 0x000000008dd00000|  0%| F|  |TAMS 0x000000008dc00000| PB 0x000000008dc00000| Untracked |  0
| 221|0x000000008dd00000, 0x000000008dd00000, 0x000000008de00000|  0%| F|  |TAMS 0x000000008dd00000| PB 0x000000008dd00000| Untracked |  0
| 222|0x000000008de00000, 0x000000008de00000, 0x000000008df00000|  0%| F|  |TAMS 0x000000008de00000| PB 0x000000008de00000| Untracked |  0
| 223|0x000000008df00000, 0x000000008df00000, 0x000000008e000000|  0%| F|  |TAMS 0x000000008df00000| PB 0x000000008df00000| Untracked |  0
| 224|0x000000008e000000, 0x000000008e000000, 0x000000008e100000|  0%| F|  |TAMS 0x000000008e000000| PB 0x000000008e000000| Untracked |  0
| 225|0x000000008e100000, 0x000000008e100000, 0x000000008e200000|  0%| F|  |TAMS 0x000000008e100000| PB 0x000000008e100000| Untracked |  0
| 226|0x000000008e200000, 0x000000008e200000, 0x000000008e300000|  0%| F|  |TAMS 0x000000008e200000| PB 0x000000008e200000| Untracked |  0
| 227|0x000000008e300000, 0x000000008e300000, 0x000000008e400000|  0%| F|  |TAMS 0x000000008e300000| PB 0x000000008e300000| Untracked |  0
| 228|0x000000008e400000, 0x000000008e400000, 0x000000008e500000|  0%| F|  |TAMS 0x000000008e400000| PB 0x000000008e400000| Untracked |  0
| 229|0x000000008e500000, 0x000000008e500000, 0x000000008e600000|  0%| F|  |TAMS 0x000000008e500000| PB 0x000000008e500000| Untracked |  0
| 230|0x000000008e600000, 0x000000008e600000, 0x000000008e700000|  0%| F|  |TAMS 0x000000008e600000| PB 0x000000008e600000| Untracked |  0
| 231|0x000000008e700000, 0x000000008e700000, 0x000000008e800000|  0%| F|  |TAMS 0x000000008e700000| PB 0x000000008e700000| Untracked |  0
| 232|0x000000008e800000, 0x000000008e800000, 0x000000008e900000|  0%| F|  |TAMS 0x000000008e800000| PB 0x000000008e800000| Untracked |  0
| 233|0x000000008e900000, 0x000000008e900000, 0x000000008ea00000|  0%| F|  |TAMS 0x000000008e900000| PB 0x000000008e900000| Untracked |  0
| 234|0x000000008ea00000, 0x000000008ea00000, 0x000000008eb00000|  0%| F|  |TAMS 0x000000008ea00000| PB 0x000000008ea00000| Untracked |  0
| 235|0x000000008eb00000, 0x000000008eb00000, 0x000000008ec00000|  0%| F|  |TAMS 0x000000008eb00000| PB 0x000000008eb00000| Untracked |  0
| 236|0x000000008ec00000, 0x000000008ec00000, 0x000000008ed00000|  0%| F|  |TAMS 0x000000008ec00000| PB 0x000000008ec00000| Untracked |  0
| 237|0x000000008ed00000, 0x000000008ed00000, 0x000000008ee00000|  0%| F|  |TAMS 0x000000008ed00000| PB 0x000000008ed00000| Untracked |  0
| 238|0x000000008ee00000, 0x000000008ee00000, 0x000000008ef00000|  0%| F|  |TAMS 0x000000008ee00000| PB 0x000000008ee00000| Untracked |  0
| 239|0x000000008ef00000, 0x000000008ef00000, 0x000000008f000000|  0%| F|  |TAMS 0x000000008ef00000| PB 0x000000008ef00000| Untracked |  0
| 240|0x000000008f000000, 0x000000008f000000, 0x000000008f100000|  0%| F|  |TAMS 0x000000008f000000| PB 0x000000008f000000| Untracked |  0
| 241|0x000000008f100000, 0x000000008f100000, 0x000000008f200000|  0%| F|  |TAMS 0x000000008f100000| PB 0x000000008f100000| Untracked |  0
| 242|0x000000008f200000, 0x000000008f300000, 0x000000008f300000|100%| E|  |TAMS 0x000000008f200000| PB 0x000000008f200000| Complete |  0
| 243|0x000000008f300000, 0x000000008f400000, 0x000000008f400000|100%| E|CS|TAMS 0x000000008f300000| PB 0x000000008f300000| Complete |  0
| 244|0x000000008f400000, 0x000000008f500000, 0x000000008f500000|100%| E|CS|TAMS 0x000000008f400000| PB 0x000000008f400000| Complete |  0
| 245|0x000000008f500000, 0x000000008f600000, 0x000000008f600000|100%| E|CS|TAMS 0x000000008f500000| PB 0x000000008f500000| Complete |  0
| 246|0x000000008f600000, 0x000000008f700000, 0x000000008f700000|100%| E|CS|TAMS 0x000000008f600000| PB 0x000000008f600000| Complete |  0
| 247|0x000000008f700000, 0x000000008f800000, 0x000000008f800000|100%| E|CS|TAMS 0x000000008f700000| PB 0x000000008f700000| Complete |  0
| 248|0x000000008f800000, 0x000000008f900000, 0x000000008f900000|100%| E|CS|TAMS 0x000000008f800000| PB 0x000000008f800000| Complete |  0
| 249|0x000000008f900000, 0x000000008fa00000, 0x000000008fa00000|100%| E|CS|TAMS 0x000000008f900000| PB 0x000000008f900000| Complete |  0
| 250|0x000000008fa00000, 0x000000008fb00000, 0x000000008fb00000|100%| E|CS|TAMS 0x000000008fa00000| PB 0x000000008fa00000| Complete |  0
| 251|0x000000008fb00000, 0x000000008fc00000, 0x000000008fc00000|100%| E|CS|TAMS 0x000000008fb00000| PB 0x000000008fb00000| Complete |  0
| 252|0x000000008fc00000, 0x000000008fd00000, 0x000000008fd00000|100%| E|CS|TAMS 0x000000008fc00000| PB 0x000000008fc00000| Complete |  0
| 253|0x000000008fd00000, 0x000000008fe00000, 0x000000008fe00000|100%| E|CS|TAMS 0x000000008fd00000| PB 0x000000008fd00000| Complete |  0
| 254|0x000000008fe00000, 0x000000008ff00000, 0x000000008ff00000|100%| E|CS|TAMS 0x000000008fe00000| PB 0x000000008fe00000| Complete |  0
| 255|0x000000008ff00000, 0x0000000090000000, 0x0000000090000000|100%| E|CS|TAMS 0x000000008ff00000| PB 0x000000008ff00000| Complete |  0
| 256|0x0000000090000000, 0x0000000090100000, 0x0000000090100000|100%| E|CS|TAMS 0x0000000090000000| PB 0x0000000090000000| Complete |  0
| 257|0x0000000090100000, 0x0000000090200000, 0x0000000090200000|100%| E|CS|TAMS 0x0000000090100000| PB 0x0000000090100000| Complete |  0
| 258|0x0000000090200000, 0x0000000090300000, 0x0000000090300000|100%| E|CS|TAMS 0x0000000090200000| PB 0x0000000090200000| Complete |  0
| 259|0x0000000090300000, 0x0000000090400000, 0x0000000090400000|100%| E|CS|TAMS 0x0000000090300000| PB 0x0000000090300000| Complete |  0
| 260|0x0000000090400000, 0x0000000090500000, 0x0000000090500000|100%| E|  |TAMS 0x0000000090400000| PB 0x0000000090400000| Complete |  0
| 261|0x0000000090500000, 0x0000000090600000, 0x0000000090600000|100%| E|CS|TAMS 0x0000000090500000| PB 0x0000000090500000| Complete |  0
| 262|0x0000000090600000, 0x0000000090700000, 0x0000000090700000|100%| E|CS|TAMS 0x0000000090600000| PB 0x0000000090600000| Complete |  0
| 263|0x0000000090700000, 0x0000000090800000, 0x0000000090800000|100%| E|CS|TAMS 0x0000000090700000| PB 0x0000000090700000| Complete |  0
| 264|0x0000000090800000, 0x0000000090900000, 0x0000000090900000|100%| E|CS|TAMS 0x0000000090800000| PB 0x0000000090800000| Complete |  0
| 265|0x0000000090900000, 0x0000000090a00000, 0x0000000090a00000|100%| E|CS|TAMS 0x0000000090900000| PB 0x0000000090900000| Complete |  0
| 266|0x0000000090a00000, 0x0000000090b00000, 0x0000000090b00000|100%| E|CS|TAMS 0x0000000090a00000| PB 0x0000000090a00000| Complete |  0
| 267|0x0000000090b00000, 0x0000000090c00000, 0x0000000090c00000|100%| E|CS|TAMS 0x0000000090b00000| PB 0x0000000090b00000| Complete |  0
| 268|0x0000000090c00000, 0x0000000090d00000, 0x0000000090d00000|100%| E|CS|TAMS 0x0000000090c00000| PB 0x0000000090c00000| Complete |  0
| 269|0x0000000090d00000, 0x0000000090e00000, 0x0000000090e00000|100%| E|CS|TAMS 0x0000000090d00000| PB 0x0000000090d00000| Complete |  0
| 270|0x0000000090e00000, 0x0000000090f00000, 0x0000000090f00000|100%| E|CS|TAMS 0x0000000090e00000| PB 0x0000000090e00000| Complete |  0
| 271|0x0000000090f00000, 0x0000000091000000, 0x0000000091000000|100%| E|CS|TAMS 0x0000000090f00000| PB 0x0000000090f00000| Complete |  0
| 272|0x0000000091000000, 0x0000000091100000, 0x0000000091100000|100%| E|CS|TAMS 0x0000000091000000| PB 0x0000000091000000| Complete |  0
| 273|0x0000000091100000, 0x0000000091200000, 0x0000000091200000|100%| E|CS|TAMS 0x0000000091100000| PB 0x0000000091100000| Complete |  0
| 274|0x0000000091200000, 0x0000000091300000, 0x0000000091300000|100%| E|CS|TAMS 0x0000000091200000| PB 0x0000000091200000| Complete |  0
| 275|0x0000000091300000, 0x0000000091400000, 0x0000000091400000|100%| E|CS|TAMS 0x0000000091300000| PB 0x0000000091300000| Complete |  0
| 276|0x0000000091400000, 0x0000000091500000, 0x0000000091500000|100%| E|CS|TAMS 0x0000000091400000| PB 0x0000000091400000| Complete |  0
| 277|0x0000000091500000, 0x0000000091600000, 0x0000000091600000|100%| E|CS|TAMS 0x0000000091500000| PB 0x0000000091500000| Complete |  0
| 278|0x0000000091600000, 0x0000000091700000, 0x0000000091700000|100%| E|CS|TAMS 0x0000000091600000| PB 0x0000000091600000| Complete |  0
| 279|0x0000000091700000, 0x0000000091800000, 0x0000000091800000|100%| E|CS|TAMS 0x0000000091700000| PB 0x0000000091700000| Complete |  0
| 280|0x0000000091800000, 0x0000000091900000, 0x0000000091900000|100%| E|CS|TAMS 0x0000000091800000| PB 0x0000000091800000| Complete |  0
| 281|0x0000000091900000, 0x0000000091a00000, 0x0000000091a00000|100%| E|CS|TAMS 0x0000000091900000| PB 0x0000000091900000| Complete |  0
| 282|0x0000000091a00000, 0x0000000091b00000, 0x0000000091b00000|100%| E|CS|TAMS 0x0000000091a00000| PB 0x0000000091a00000| Complete |  0
| 283|0x0000000091b00000, 0x0000000091c00000, 0x0000000091c00000|100%| E|CS|TAMS 0x0000000091b00000| PB 0x0000000091b00000| Complete |  0
| 284|0x0000000091c00000, 0x0000000091d00000, 0x0000000091d00000|100%| E|CS|TAMS 0x0000000091c00000| PB 0x0000000091c00000| Complete |  0
| 285|0x0000000091d00000, 0x0000000091e00000, 0x0000000091e00000|100%| E|CS|TAMS 0x0000000091d00000| PB 0x0000000091d00000| Complete |  0
| 286|0x0000000091e00000, 0x0000000091f00000, 0x0000000091f00000|100%| E|CS|TAMS 0x0000000091e00000| PB 0x0000000091e00000| Complete |  0
| 287|0x0000000091f00000, 0x0000000092000000, 0x0000000092000000|100%| E|CS|TAMS 0x0000000091f00000| PB 0x0000000091f00000| Complete |  0
| 288|0x0000000092000000, 0x0000000092100000, 0x0000000092100000|100%| E|CS|TAMS 0x0000000092000000| PB 0x0000000092000000| Complete |  0
| 289|0x0000000092100000, 0x0000000092200000, 0x0000000092200000|100%| E|CS|TAMS 0x0000000092100000| PB 0x0000000092100000| Complete |  0
| 290|0x0000000092200000, 0x0000000092300000, 0x0000000092300000|100%| E|CS|TAMS 0x0000000092200000| PB 0x0000000092200000| Complete |  0
| 291|0x0000000092300000, 0x0000000092400000, 0x0000000092400000|100%| E|CS|TAMS 0x0000000092300000| PB 0x0000000092300000| Complete |  0
| 292|0x0000000092400000, 0x0000000092500000, 0x0000000092500000|100%| E|CS|TAMS 0x0000000092400000| PB 0x0000000092400000| Complete |  0
| 293|0x0000000092500000, 0x0000000092600000, 0x0000000092600000|100%| E|CS|TAMS 0x0000000092500000| PB 0x0000000092500000| Complete |  0
| 294|0x0000000092600000, 0x0000000092700000, 0x0000000092700000|100%| E|CS|TAMS 0x0000000092600000| PB 0x0000000092600000| Complete |  0
| 295|0x0000000092700000, 0x0000000092800000, 0x0000000092800000|100%| E|CS|TAMS 0x0000000092700000| PB 0x0000000092700000| Complete |  0
| 296|0x0000000092800000, 0x0000000092900000, 0x0000000092900000|100%| E|CS|TAMS 0x0000000092800000| PB 0x0000000092800000| Complete |  0
|2026|0x00000000fea00000, 0x00000000feb00000, 0x00000000feb00000|100%| O|  |TAMS 0x00000000fea00000| PB 0x00000000fea00000| Untracked |  0
|2027|0x00000000feb00000, 0x00000000fec00000, 0x00000000fec00000|100%| O|  |TAMS 0x00000000feb00000| PB 0x00000000feb00000| Untracked |  0
|2028|0x00000000fec00000, 0x00000000fed00000, 0x00000000fed00000|100%| O|  |TAMS 0x00000000fec00000| PB 0x00000000fec00000| Untracked |  0
|2029|0x00000000fed00000, 0x00000000fee00000, 0x00000000fee00000|100%| O|  |TAMS 0x00000000fed00000| PB 0x00000000fed00000| Untracked |  0
|2030|0x00000000fee00000, 0x00000000fef00000, 0x00000000fef00000|100%| O|  |TAMS 0x00000000fee00000| PB 0x00000000fee00000| Untracked |  0
|2031|0x00000000fef00000, 0x00000000ff000000, 0x00000000ff000000|100%| E|CS|TAMS 0x00000000fef00000| PB 0x00000000fef00000| Complete |  0
|2032|0x00000000ff000000, 0x00000000ff100000, 0x00000000ff100000|100%| E|CS|TAMS 0x00000000ff000000| PB 0x00000000ff000000| Complete |  0
|2033|0x00000000ff100000, 0x00000000ff200000, 0x00000000ff200000|100%| O|  |TAMS 0x00000000ff100000| PB 0x00000000ff100000| Untracked |  0
|2034|0x00000000ff200000, 0x00000000ff300000, 0x00000000ff300000|100%| E|CS|TAMS 0x00000000ff200000| PB 0x00000000ff200000| Complete |  0
|2035|0x00000000ff300000, 0x00000000ff400000, 0x00000000ff400000|100%| E|CS|TAMS 0x00000000ff300000| PB 0x00000000ff300000| Complete |  0
|2036|0x00000000ff400000, 0x00000000ff500000, 0x00000000ff500000|100%| E|CS|TAMS 0x00000000ff400000| PB 0x00000000ff400000| Complete |  0
|2037|0x00000000ff500000, 0x00000000ff600000, 0x00000000ff600000|100%| E|CS|TAMS 0x00000000ff500000| PB 0x00000000ff500000| Complete |  0
|2038|0x00000000ff600000, 0x00000000ff700000, 0x00000000ff700000|100%| O|  |TAMS 0x00000000ff600000| PB 0x00000000ff600000| Untracked |  0
|2039|0x00000000ff700000, 0x00000000ff800000, 0x00000000ff800000|100%| E|CS|TAMS 0x00000000ff700000| PB 0x00000000ff700000| Complete |  0
|2040|0x00000000ff800000, 0x00000000ff900000, 0x00000000ff900000|100%| E|CS|TAMS 0x00000000ff800000| PB 0x00000000ff800000| Complete |  0
|2041|0x00000000ff900000, 0x00000000ffa00000, 0x00000000ffa00000|100%| E|CS|TAMS 0x00000000ff900000| PB 0x00000000ff900000| Complete |  0
|2042|0x00000000ffa00000, 0x00000000ffb00000, 0x00000000ffb00000|100%| O|  |TAMS 0x00000000ffa00000| PB 0x00000000ffa00000| Untracked |  0
|2043|0x00000000ffb00000, 0x00000000ffc00000, 0x00000000ffc00000|100%| O|  |TAMS 0x00000000ffb00000| PB 0x00000000ffb00000| Untracked |  0
|2044|0x00000000ffc00000, 0x00000000ffd00000, 0x00000000ffd00000|100%| O|  |TAMS 0x00000000ffc00000| PB 0x00000000ffc00000| Untracked |  0
|2045|0x00000000ffd00000, 0x00000000ffe00000, 0x00000000ffe00000|100%| O|  |TAMS 0x00000000ffd00000| PB 0x00000000ffd00000| Untracked |  0
|2046|0x00000000ffe00000, 0x00000000fff00000, 0x00000000fff00000|100%| O|  |TAMS 0x00000000ffe00000| PB 0x00000000ffe00000| Untracked |  0
|2047|0x00000000fff00000, 0x0000000100000000, 0x0000000100000000|100%| O|  |TAMS 0x00000000fff00000| PB 0x00000000fff00000| Untracked |  0

Card table byte_map: [0x000002687e480000,0x000002687e880000] _byte_map_base: 0x000002687e080000

Marking Bits: (CMBitMap*) 0x000002687599dbe0
 Bits: [0x000002680f000000, 0x0000026811000000)

Polling page: 0x00000268736d0000

Metaspace:

Usage:
  Non-class:    154.56 MB used.
      Class:     24.10 MB used.
       Both:    178.65 MB used.

Virtual space:
  Non-class space:      192.00 MB reserved,     156.00 MB ( 81%) committed,  3 nodes.
      Class space:        1.00 GB reserved,      25.44 MB (  2%) committed,  1 nodes.
             Both:        1.19 GB reserved,     181.44 MB ( 15%) committed. 

Chunk freelists:
   Non-Class:  3.77 MB
       Class:  6.53 MB
        Both:  10.30 MB

MaxMetaspaceSize: unlimited
CompressedClassSpaceSize: 1.00 GB
Initial GC threshold: 21.00 MB
Current GC threshold: 286.06 MB
CDS: on
 - commit_granule_bytes: 65536.
 - commit_granule_words: 8192.
 - virtual_space_node_default_size: 8388608.
 - enlarge_chunks_in_place: 1.
 - use_allocation_guard: 0.


Internal statistics:

num_allocs_failed_limit: 18.
num_arena_births: 5238.
num_arena_deaths: 0.
num_vsnodes_births: 4.
num_vsnodes_deaths: 0.
num_space_committed: 2900.
num_space_uncommitted: 0.
num_chunks_returned_to_freelist: 18.
num_chunks_taken_from_freelist: 12534.
num_chunk_merges: 18.
num_chunk_splits: 8839.
num_chunks_enlarged: 6261.
num_inconsistent_stats: 0.

CodeHeap 'non-profiled nmethods': size=120064Kb used=9519Kb max_used=9519Kb free=110544Kb
 bounds [0x0000026807ac0000, 0x0000026808410000, 0x000002680f000000]
CodeHeap 'profiled nmethods': size=120000Kb used=31257Kb max_used=31257Kb free=88742Kb
 bounds [0x0000026800000000, 0x0000026801e90000, 0x0000026807530000]
CodeHeap 'non-nmethods': size=5696Kb used=2527Kb max_used=2580Kb free=3168Kb
 bounds [0x0000026807530000, 0x00000268077c0000, 0x0000026807ac0000]
CodeCache: size=245760Kb, used=43303Kb, max_used=43356Kb, free=202454Kb
 total_blobs=21101, nmethods=19920, adapters=1084, full_count=0
Compilation: enabled, stopped_count=0, restarted_count=0

Compilation events (20 events):
Event: 56.589 Thread 0x000002687ee7b7f0 nmethod 23581 0x0000026801e83808 code [0x0000026801e839e0, 0x0000026801e84188]
Event: 56.676 Thread 0x000002687ee7b7f0 23583       2       com.android.tools.r8.graph.y5::a (30 bytes)
Event: 56.676 Thread 0x000002687ee7b7f0 nmethod 23583 0x0000026801e84208 code [0x0000026801e84320, 0x0000026801e844a8]
Event: 56.676 Thread 0x000002687ee7b7f0 23584       2       com.android.tools.r8.graph.e2::b (22 bytes)
Event: 56.676 Thread 0x000002687ee7b7f0 nmethod 23584 0x0000026801e84508 code [0x0000026801e84620, 0x0000026801e84770]
Event: 56.676 Thread 0x000002687ee7b7f0 23585       2       com.android.tools.r8.graph.ka::a (109 bytes)
Event: 56.677 Thread 0x000002687ee7b7f0 nmethod 23585 0x0000026801e84808 code [0x0000026801e84960, 0x0000026801e84d28]
Event: 56.677 Thread 0x000002687ee7b7f0 23587       2       com.android.tools.r8.graph.d6::equals (59 bytes)
Event: 56.677 Thread 0x000002687ee7b7f0 nmethod 23587 0x0000026801e84d88 code [0x0000026801e84f00, 0x0000026801e85250]
Event: 56.677 Thread 0x000002687ee7b7f0 23588       3       com.android.tools.r8.graph.d6::hashCode (26 bytes)
Event: 56.678 Thread 0x000002687ee7b7f0 nmethod 23588 0x0000026801e85288 code [0x0000026801e85400, 0x0000026801e85b30]
Event: 56.678 Thread 0x000002687ee7b7f0 23586       3       com.android.tools.r8.graph.y5::a (30 bytes)
Event: 56.678 Thread 0x000002687ee7b7f0 nmethod 23586 0x0000026801e85b88 code [0x0000026801e85ca0, 0x0000026801e85ea8]
Event: 56.729 Thread 0x000002687ee7b7f0 23589       2       com.android.tools.r8.graph.h::j (8 bytes)
Event: 56.729 Thread 0x000002687ee7b7f0 nmethod 23589 0x0000026801e85f08 code [0x0000026801e86020, 0x0000026801e86130]
Event: 56.731 Thread 0x000002687ee7b7f0 23590       2       com.android.tools.r8.graph.z::F (8 bytes)
Event: 56.732 Thread 0x000002687ee7b7f0 nmethod 23590 0x0000026801e86208 code [0x0000026801e86320, 0x0000026801e86438]
Event: 56.737 Thread 0x000002687ee7b7f0 23591       1       com.android.tools.r8.graph.g2::d (5 bytes)
Event: 56.738 Thread 0x000002687ee7b7f0 nmethod 23591 0x0000026808401d08 code [0x0000026808401e20, 0x0000026808401ee8]
Event: 56.740 Thread 0x000002687ee7b7f0 23592       2       com.android.tools.r8.graph.j3::U0 (9 bytes)

GC Heap History (20 events):
Event: 37.260 GC heap before
{Heap before GC invocations=41 (full 0):
 garbage-first heap   total reserved 2097152K, committed 271360K, used 249644K [0x0000000080000000, 0x0000000100000000)
  region size 1024K, 86 young (88064K), 3 survivors (3072K)
 Metaspace       used 147555K, committed 150272K, reserved 1179648K
  class space    used 20036K, committed 21312K, reserved 1048576K
}
Event: 37.276 GC heap after
{Heap after GC invocations=42 (full 0):
 garbage-first heap   total reserved 2097152K, committed 271360K, used 158494K [0x0000000080000000, 0x0000000100000000)
  region size 1024K, 6 young (6144K), 6 survivors (6144K)
 Metaspace       used 147555K, committed 150272K, reserved 1179648K
  class space    used 20036K, committed 21312K, reserved 1048576K
}
Event: 38.751 GC heap before
{Heap before GC invocations=42 (full 0):
 garbage-first heap   total reserved 2097152K, committed 271360K, used 249630K [0x0000000080000000, 0x0000000100000000)
  region size 1024K, 95 young (97280K), 6 survivors (6144K)
 Metaspace       used 153491K, committed 156352K, reserved 1245184K
  class space    used 20910K, committed 22272K, reserved 1048576K
}
Event: 38.774 GC heap after
{Heap after GC invocations=43 (full 0):
 garbage-first heap   total reserved 2097152K, committed 271360K, used 163871K [0x0000000080000000, 0x0000000100000000)
  region size 1024K, 12 young (12288K), 12 survivors (12288K)
 Metaspace       used 153491K, committed 156352K, reserved 1245184K
  class space    used 20910K, committed 22272K, reserved 1048576K
}
Event: 43.784 GC heap before
{Heap before GC invocations=44 (full 0):
 garbage-first heap   total reserved 2097152K, committed 271360K, used 239647K [0x0000000080000000, 0x0000000100000000)
  region size 1024K, 90 young (92160K), 12 survivors (12288K)
 Metaspace       used 162097K, committed 164992K, reserved 1245184K
  class space    used 22050K, committed 23424K, reserved 1048576K
}
Event: 43.812 GC heap after
{Heap after GC invocations=45 (full 0):
 garbage-first heap   total reserved 2097152K, committed 271360K, used 167429K [0x0000000080000000, 0x0000000100000000)
  region size 1024K, 12 young (12288K), 12 survivors (12288K)
 Metaspace       used 162097K, committed 164992K, reserved 1245184K
  class space    used 22050K, committed 23424K, reserved 1048576K
}
Event: 45.509 GC heap before
{Heap before GC invocations=45 (full 0):
 garbage-first heap   total reserved 2097152K, committed 271360K, used 251397K [0x0000000080000000, 0x0000000100000000)
  region size 1024K, 87 young (89088K), 12 survivors (12288K)
 Metaspace       used 164802K, committed 167680K, reserved 1245184K
  class space    used 22365K, committed 23744K, reserved 1048576K
}
Event: 45.555 GC heap after
{Heap after GC invocations=46 (full 0):
 garbage-first heap   total reserved 2097152K, committed 287744K, used 178688K [0x0000000080000000, 0x0000000100000000)
  region size 1024K, 11 young (11264K), 11 survivors (11264K)
 Metaspace       used 164802K, committed 167680K, reserved 1245184K
  class space    used 22365K, committed 23744K, reserved 1048576K
}
Event: 46.071 GC heap before
{Heap before GC invocations=46 (full 0):
 garbage-first heap   total reserved 2097152K, committed 287744K, used 188928K [0x0000000080000000, 0x0000000100000000)
  region size 1024K, 23 young (23552K), 11 survivors (11264K)
 Metaspace       used 165040K, committed 167936K, reserved 1245184K
  class space    used 22380K, committed 23808K, reserved 1048576K
}
Event: 46.096 GC heap after
{Heap after GC invocations=47 (full 0):
 garbage-first heap   total reserved 2097152K, committed 287744K, used 184320K [0x0000000080000000, 0x0000000100000000)
  region size 1024K, 6 young (6144K), 6 survivors (6144K)
 Metaspace       used 165040K, committed 167936K, reserved 1245184K
  class space    used 22380K, committed 23808K, reserved 1048576K
}
Event: 48.129 GC heap before
{Heap before GC invocations=48 (full 0):
 garbage-first heap   total reserved 2097152K, committed 312320K, used 276480K [0x0000000080000000, 0x0000000100000000)
  region size 1024K, 75 young (76800K), 6 survivors (6144K)
 Metaspace       used 167140K, committed 170048K, reserved 1245184K
  class space    used 22572K, committed 23936K, reserved 1048576K
}
Event: 48.149 GC heap after
{Heap after GC invocations=49 (full 0):
 garbage-first heap   total reserved 2097152K, committed 312320K, used 189952K [0x0000000080000000, 0x0000000100000000)
  region size 1024K, 10 young (10240K), 10 survivors (10240K)
 Metaspace       used 167140K, committed 170048K, reserved 1245184K
  class space    used 22572K, committed 23936K, reserved 1048576K
}
Event: 49.723 GC heap before
{Heap before GC invocations=49 (full 0):
 garbage-first heap   total reserved 2097152K, committed 312320K, used 276992K [0x0000000080000000, 0x0000000100000000)
  region size 1024K, 96 young (98304K), 10 survivors (10240K)
 Metaspace       used 170926K, committed 173760K, reserved 1245184K
  class space    used 22986K, committed 24320K, reserved 1048576K
}
Event: 49.759 GC heap after
{Heap after GC invocations=50 (full 0):
 garbage-first heap   total reserved 2097152K, committed 312320K, used 195525K [0x0000000080000000, 0x0000000100000000)
  region size 1024K, 12 young (12288K), 12 survivors (12288K)
 Metaspace       used 170926K, committed 173760K, reserved 1245184K
  class space    used 22986K, committed 24320K, reserved 1048576K
}
Event: 51.925 GC heap before
{Heap before GC invocations=50 (full 0):
 garbage-first heap   total reserved 2097152K, committed 312320K, used 279493K [0x0000000080000000, 0x0000000100000000)
  region size 1024K, 95 young (97280K), 12 survivors (12288K)
 Metaspace       used 172806K, committed 175744K, reserved 1245184K
  class space    used 23191K, committed 24576K, reserved 1048576K
}
Event: 51.947 GC heap after
{Heap after GC invocations=51 (full 0):
 garbage-first heap   total reserved 2097152K, committed 312320K, used 194945K [0x0000000080000000, 0x0000000100000000)
  region size 1024K, 4 young (4096K), 4 survivors (4096K)
 Metaspace       used 172806K, committed 175744K, reserved 1245184K
  class space    used 23191K, committed 24576K, reserved 1048576K
}
Event: 54.113 GC heap before
{Heap before GC invocations=52 (full 0):
 garbage-first heap   total reserved 2097152K, committed 326656K, used 283009K [0x0000000080000000, 0x0000000100000000)
  region size 1024K, 91 young (93184K), 4 survivors (4096K)
 Metaspace       used 175214K, committed 178112K, reserved 1245184K
  class space    used 23531K, committed 24896K, reserved 1048576K
}
Event: 54.129 GC heap after
{Heap after GC invocations=53 (full 0):
 garbage-first heap   total reserved 2097152K, committed 326656K, used 208234K [0x0000000080000000, 0x0000000100000000)
  region size 1024K, 12 young (12288K), 12 survivors (12288K)
 Metaspace       used 175214K, committed 178112K, reserved 1245184K
  class space    used 23531K, committed 24896K, reserved 1048576K
}
Event: 55.579 GC heap before
{Heap before GC invocations=53 (full 0):
 garbage-first heap   total reserved 2097152K, committed 326656K, used 294250K [0x0000000080000000, 0x0000000100000000)
  region size 1024K, 97 young (99328K), 12 survivors (12288K)
 Metaspace       used 180244K, committed 183104K, reserved 1245184K
  class space    used 24283K, committed 25664K, reserved 1048576K
}
Event: 55.617 GC heap after
{Heap after GC invocations=54 (full 0):
 garbage-first heap   total reserved 2097152K, committed 326656K, used 205524K [0x0000000080000000, 0x0000000100000000)
  region size 1024K, 11 young (11264K), 11 survivors (11264K)
 Metaspace       used 180244K, committed 183104K, reserved 1245184K
  class space    used 24283K, committed 25664K, reserved 1048576K
}

Dll operation events (15 events):
Event: 0.016 Loaded shared library C:\Program Files\Java\jdk-23\bin\java.dll
Event: 0.068 Loaded shared library C:\Program Files\Java\jdk-23\bin\jsvml.dll
Event: 0.177 Loaded shared library C:\Program Files\Java\jdk-23\bin\zip.dll
Event: 0.184 Loaded shared library C:\Program Files\Java\jdk-23\bin\instrument.dll
Event: 0.190 Loaded shared library C:\Program Files\Java\jdk-23\bin\net.dll
Event: 0.194 Loaded shared library C:\Program Files\Java\jdk-23\bin\nio.dll
Event: 0.199 Loaded shared library C:\Program Files\Java\jdk-23\bin\zip.dll
Event: 1.062 Loaded shared library C:\Program Files\Java\jdk-23\bin\jimage.dll
Event: 1.364 Loaded shared library C:\Program Files\Java\jdk-23\bin\verify.dll
Event: 1.584 Loaded shared library C:\Users\X4P\.gradle\native\1def1411415f61bf3af743bc5b6707747c0891f09f0c88961ee8f79bc544acac\windows-amd64\native-platform.dll
Event: 1.605 Loaded shared library C:\Users\X4P\.gradle\native\0.2.7\x86_64-windows-gnu\gradle-fileevents.dll
Event: 4.440 Loaded shared library C:\Program Files\Java\jdk-23\bin\management.dll
Event: 4.446 Loaded shared library C:\Program Files\Java\jdk-23\bin\management_ext.dll
Event: 4.858 Loaded shared library C:\Program Files\Java\jdk-23\bin\extnet.dll
Event: 5.381 Loaded shared library C:\Program Files\Java\jdk-23\bin\sunmscapi.dll

Deoptimization events (20 events):
Event: 55.695 Thread 0x000002685d0db6a0 DEOPT PACKING pc=0x0000026808166870 sp=0x000000c0f11fa0b0
Event: 55.695 Thread 0x000002685d0db6a0 DEOPT UNPACKING pc=0x0000026807584402 sp=0x000000c0f11fa070 mode 2
Event: 55.695 Thread 0x000002685d0db6a0 Uncommon trap: trap_request=0xffffff45 fr.pc=0x0000026807e00570 relative=0x0000000000000670
Event: 55.695 Thread 0x000002685d0db6a0 Uncommon trap: reason=unstable_if action=reinterpret pc=0x0000026807e00570 method=com.android.tools.r8.graph.i6.a(Ljava/lang/String;)[B @ 36 c2
Event: 55.695 Thread 0x000002685d0db6a0 DEOPT PACKING pc=0x0000026807e00570 sp=0x000000c0f11fa160
Event: 55.695 Thread 0x000002685d0db6a0 DEOPT UNPACKING pc=0x0000026807584402 sp=0x000000c0f11fa0b8 mode 2
Event: 55.792 Thread 0x000002685d0db6a0 Uncommon trap: trap_request=0xffffff45 fr.pc=0x000002680821432c relative=0x000000000000054c
Event: 55.792 Thread 0x000002685d0db6a0 Uncommon trap: reason=unstable_if action=reinterpret pc=0x000002680821432c method=com.android.tools.r8.graph.i6.a(Ljava/lang/String;)[B @ 36 c2
Event: 55.792 Thread 0x000002685d0db6a0 DEOPT PACKING pc=0x000002680821432c sp=0x000000c0f11fa160
Event: 55.792 Thread 0x000002685d0db6a0 DEOPT UNPACKING pc=0x0000026807584402 sp=0x000000c0f11fa108 mode 2
Event: 55.977 Thread 0x000002685d0d67e0 DEOPT PACKING pc=0x0000026801e6a71c sp=0x000000c0f0cfb6f0
Event: 55.977 Thread 0x000002685d0d67e0 DEOPT UNPACKING pc=0x0000026807584b22 sp=0x000000c0f0cfab48 mode 0
Event: 56.350 Thread 0x000002685d0db6a0 Uncommon trap: trap_request=0xffffff45 fr.pc=0x000002680819ccd0 relative=0x00000000000000b0
Event: 56.350 Thread 0x000002686d890be0 Uncommon trap: trap_request=0xffffff45 fr.pc=0x000002680819ccd0 relative=0x00000000000000b0
Event: 56.350 Thread 0x000002686d890be0 Uncommon trap: reason=unstable_if action=reinterpret pc=0x000002680819ccd0 method=com.android.tools.r8.internal.vk1.c(Lcom/android/tools/r8/internal/a6;)Z @ 53 c2
Event: 56.350 Thread 0x000002685d0db6a0 Uncommon trap: reason=unstable_if action=reinterpret pc=0x000002680819ccd0 method=com.android.tools.r8.internal.vk1.c(Lcom/android/tools/r8/internal/a6;)Z @ 53 c2
Event: 56.350 Thread 0x000002686d890be0 DEOPT PACKING pc=0x000002680819ccd0 sp=0x000000c0f18f8430
Event: 56.350 Thread 0x000002685d0db6a0 DEOPT PACKING pc=0x000002680819ccd0 sp=0x000000c0f11fb490
Event: 56.350 Thread 0x000002686d890be0 DEOPT UNPACKING pc=0x0000026807584402 sp=0x000000c0f18f83d0 mode 2
Event: 56.350 Thread 0x000002685d0db6a0 DEOPT UNPACKING pc=0x0000026807584402 sp=0x000000c0f11fb430 mode 2

Classes loaded (20 events):
Event: 50.796 Loading class java/util/stream/SortedOps$RefSortingSink
Event: 50.796 Loading class java/util/stream/SortedOps$RefSortingSink done
Event: 53.198 Loading class java/util/concurrent/Executors$DelegatedScheduledExecutorService
Event: 53.199 Loading class java/util/concurrent/Executors$DelegatedExecutorService
Event: 53.199 Loading class java/util/concurrent/Executors$DelegatedExecutorService done
Event: 53.199 Loading class java/util/concurrent/Executors$DelegatedScheduledExecutorService done
Event: 53.206 Loading class java/lang/ProcessImpl
Event: 53.207 Loading class java/lang/ProcessImpl done
Event: 53.248 Loading class java/lang/ProcessHandleImpl
Event: 53.249 Loading class java/lang/ProcessHandleImpl done
Event: 53.251 Loading class java/lang/ProcessImpl$2
Event: 53.251 Loading class java/lang/ProcessImpl$2 done
Event: 53.252 Loading class java/lang/Process$PipeOutputStream
Event: 53.252 Loading class java/lang/Process$PipeOutputStream done
Event: 53.252 Loading class java/lang/Process$PipeInputStream
Event: 53.252 Loading class java/lang/Process$PipeInputStream done
Event: 53.252 Loading class jdk/internal/event/ProcessStartEvent
Event: 53.252 Loading class jdk/internal/event/ProcessStartEvent done
Event: 54.651 Loading class java/util/concurrent/ConcurrentLinkedQueue$Itr
Event: 54.651 Loading class java/util/concurrent/ConcurrentLinkedQueue$Itr done

Classes unloaded (0 events):
No events

Classes redefined (0 events):
No events

Internal exceptions (20 events):
Event: 53.063 Thread 0x000002685b480fd0 Exception <a 'sun/nio/fs/WindowsException'{0x00000000913567c0}> (0x00000000913567c0) 
thrown [s\open\src\hotspot\share\prims\jni.cpp, line 520]
Event: 53.067 Thread 0x000002685b480fd0 Exception <a 'sun/nio/fs/WindowsException'{0x0000000091357448}> (0x0000000091357448) 
thrown [s\open\src\hotspot\share\prims\jni.cpp, line 520]
Event: 53.247 Thread 0x000002685b480fd0 Exception <a 'java/lang/NoSuchMethodError'{0x0000000090a36620}: 'void java.lang.invoke.DirectMethodHandle$Holder.invokeStatic(java.lang.Object, long)'> (0x0000000090a36620) 
thrown [s\open\src\hotspot\share\interpreter\linkResolver.cpp, line 796]
Event: 53.250 Thread 0x000002685b480fd0 Exception <a 'java/lang/NoSuchMethodError'{0x00000000909b5ed8}: 'java.lang.Object java.lang.invoke.DirectMethodHandle$Holder.invokeStaticInit(java.lang.Object, long, java.lang.Object)'> (0x00000000909b5ed8) 
thrown [s\open\src\hotspot\share\interpreter\linkResolver.cpp, line 796]
Event: 54.409 Thread 0x000002685d0d67e0 Exception <a 'java/lang/NoSuchMethodError'{0x00000000921661d0}: 'java.lang.Object java.lang.invoke.DirectMethodHandle$Holder.invokeStaticInit(java.lang.Object, java.lang.Object, java.lang.Object, java.lang.Object, java.lang.Object, java.lang.Object, java.lang.Object, java.lang.Object, java.lang.Object, java.lang.Object, java.lang.Object, java.lang.Object, java.lang.Object, java.lang.Object, java.lang.Object, java.lang.Object, java.lang.Object, java.lang.Object, java.lang.Object, java.lang.Object, int, java
Event: 54.411 Thread 0x000002685d0d67e0 Exception <a 'java/lang/IncompatibleClassChangeError'{0x000000009217cff0}: Found class java.lang.Object, but interface was expected> (0x000000009217cff0) 
thrown [s\open\src\hotspot\share\interpreter\linkResolver.cpp, line 863]
Event: 54.412 Thread 0x000002685d0d67e0 Exception <a 'java/lang/IncompatibleClassChangeError'{0x0000000092187318}: Found class java.lang.Object, but interface was expected> (0x0000000092187318) 
thrown [s\open\src\hotspot\share\interpreter\linkResolver.cpp, line 863]
Event: 54.482 Thread 0x000002685d0d67e0 Exception <a 'java/lang/IncompatibleClassChangeError'{0x0000000091f87088}: Found class java.lang.Object, but interface was expected> (0x0000000091f87088) 
thrown [s\open\src\hotspot\share\interpreter\linkResolver.cpp, line 863]
Event: 54.482 Thread 0x000002686d890be0 Exception <a 'java/lang/IncompatibleClassChangeError'{0x0000000091e01e20}: Found class java.lang.Object, but interface was expected> (0x0000000091e01e20) 
thrown [s\open\src\hotspot\share\interpreter\linkResolver.cpp, line 863]
Event: 54.482 Thread 0x000002685d0db6a0 Exception <a 'java/lang/IncompatibleClassChangeError'{0x0000000092092080}: Found class java.lang.Object, but interface was expected> (0x0000000092092080) 
thrown [s\open\src\hotspot\share\interpreter\linkResolver.cpp, line 863]
Event: 55.239 Thread 0x000002686d890be0 Exception <a 'java/lang/IncompatibleClassChangeError'{0x000000008ea3d248}: Found class java.lang.Object, but interface was expected> (0x000000008ea3d248) 
thrown [s\open\src\hotspot\share\interpreter\linkResolver.cpp, line 863]
Event: 55.241 Thread 0x000002686d890be0 Exception <a 'java/lang/NoSuchMethodError'{0x000000008ea41ab0}: 'void java.lang.invoke.DirectMethodHandle$Holder.invokeInterface(java.lang.Object, java.lang.Object, java.lang.Object, int)'> (0x000000008ea41ab0) 
thrown [s\open\src\hotspot\share\interpreter\linkResolver.cpp, line 796]
Event: 55.241 Thread 0x000002685d0db6a0 Exception <a 'java/lang/NoSuchMethodError'{0x000000008eb94a18}: 'void java.lang.invoke.DirectMethodHandle$Holder.invokeInterface(java.lang.Object, java.lang.Object, java.lang.Object, int)'> (0x000000008eb94a18) 
thrown [s\open\src\hotspot\share\interpreter\linkResolver.cpp, line 796]
Event: 55.270 Thread 0x000002685d0db6a0 Implicit null exception at 0x00000268083db647 to 0x00000268083dd61c
Event: 55.270 Thread 0x000002685d0db6a0 Implicit null exception at 0x0000026807c42535 to 0x0000026807c42680
Event: 55.270 Thread 0x000002685d0db6a0 Implicit null exception at 0x0000026807c42535 to 0x0000026807c42680
Event: 56.444 Thread 0x000002685d0d67e0 Exception <a 'java/lang/NoSuchMethodError'{0x000000009020e3e8}: 'java.lang.Object java.lang.invoke.DirectMethodHandle$Holder.invokeStatic(java.lang.Object, int, java.lang.Object, java.lang.Object)'> (0x000000009020e3e8) 
thrown [s\open\src\hotspot\share\interpreter\linkResolver.cpp, line 796]
Event: 56.444 Thread 0x000002686d890be0 Exception <a 'java/lang/NoSuchMethodError'{0x000000009042ae18}: 'java.lang.Object java.lang.invoke.DirectMethodHandle$Holder.invokeStatic(java.lang.Object, int, java.lang.Object, java.lang.Object)'> (0x000000009042ae18) 
thrown [s\open\src\hotspot\share\interpreter\linkResolver.cpp, line 796]
Event: 56.444 Thread 0x000002685d0db6a0 Exception <a 'java/lang/NoSuchMethodError'{0x0000000090282f40}: 'java.lang.Object java.lang.invoke.DirectMethodHandle$Holder.invokeStatic(java.lang.Object, int, java.lang.Object, java.lang.Object)'> (0x0000000090282f40) 
thrown [s\open\src\hotspot\share\interpreter\linkResolver.cpp, line 796]
Event: 56.658 Thread 0x000002685d0db6a0 Exception <a 'java/lang/NoSuchMethodError'{0x000000008fefb1e8}: 'void java.lang.invoke.DirectMethodHandle$Holder.invokeSpecial(java.lang.Object, java.lang.Object, java.lang.Object, java.lang.Object, int)'> (0x000000008fefb1e8) 
thrown [s\open\src\hotspot\share\interpreter\linkResolver.cpp, line 796]

VM Operations (20 events):
Event: 55.348 Executing VM operation: HandshakeAllThreads (Deoptimize)
Event: 55.348 Executing VM operation: HandshakeAllThreads (Deoptimize) done
Event: 55.436 Executing VM operation: HandshakeAllThreads (Deoptimize)
Event: 55.437 Executing VM operation: HandshakeAllThreads (Deoptimize) done
Event: 55.442 Executing VM operation: HandshakeAllThreads (Deoptimize)
Event: 55.443 Executing VM operation: HandshakeAllThreads (Deoptimize) done
Event: 55.553 Executing VM operation: HandshakeAllThreads (Deoptimize)
Event: 55.579 Executing VM operation: HandshakeAllThreads (Deoptimize) done
Event: 55.579 Executing VM operation: G1CollectForAllocation (G1 Evacuation Pause)
Event: 55.617 Executing VM operation: G1CollectForAllocation (G1 Evacuation Pause) done
Event: 55.968 Executing VM operation: HandshakeAllThreads (Deoptimize)
Event: 55.968 Executing VM operation: HandshakeAllThreads (Deoptimize) done
Event: 55.993 Executing VM operation: HandshakeAllThreads (Deoptimize)
Event: 55.999 Executing VM operation: HandshakeAllThreads (Deoptimize) done
Event: 56.655 Executing VM operation: HandshakeAllThreads (Deoptimize)
Event: 56.655 Executing VM operation: HandshakeAllThreads (Deoptimize) done
Event: 56.675 Executing VM operation: HandshakeAllThreads (Deoptimize)
Event: 56.675 Executing VM operation: HandshakeAllThreads (Deoptimize) done
Event: 56.690 Executing VM operation: HandshakeAllThreads (Deoptimize)
Event: 56.690 Executing VM operation: HandshakeAllThreads (Deoptimize) done

Memory protections (0 events):
No events

Nmethod flushes (20 events):
Event: 52.491 Thread 0x000002687ee3b600 flushing  nmethod 0x0000026801993888
Event: 52.491 Thread 0x000002687ee3b600 flushing  nmethod 0x0000026801993f88
Event: 52.491 Thread 0x000002687ee3b600 flushing  nmethod 0x00000268019a0c08
Event: 52.491 Thread 0x000002687ee3b600 flushing  nmethod 0x00000268019a2308
Event: 52.491 Thread 0x000002687ee3b600 flushing  nmethod 0x00000268019a3408
Event: 52.491 Thread 0x000002687ee3b600 flushing  nmethod 0x00000268019a3708
Event: 52.491 Thread 0x000002687ee3b600 flushing  nmethod 0x00000268019a3d08
Event: 52.491 Thread 0x000002687ee3b600 flushing  nmethod 0x00000268019a4408
Event: 52.491 Thread 0x000002687ee3b600 flushing  nmethod 0x00000268019a4d08
Event: 52.491 Thread 0x000002687ee3b600 flushing  nmethod 0x00000268019a5008
Event: 52.491 Thread 0x000002687ee3b600 flushing  nmethod 0x00000268019a5308
Event: 52.491 Thread 0x000002687ee3b600 flushing  nmethod 0x00000268019d6308
Event: 52.491 Thread 0x000002687ee3b600 flushing  nmethod 0x00000268019ecb88
Event: 52.491 Thread 0x000002687ee3b600 flushing  nmethod 0x0000026801a01688
Event: 52.491 Thread 0x000002687ee3b600 flushing  nmethod 0x0000026801a01a88
Event: 52.491 Thread 0x000002687ee3b600 flushing  nmethod 0x0000026801a02108
Event: 52.491 Thread 0x000002687ee3b600 flushing  nmethod 0x0000026801a02408
Event: 52.491 Thread 0x000002687ee3b600 flushing  nmethod 0x0000026801a02888
Event: 52.491 Thread 0x000002687ee3b600 flushing  nmethod 0x0000026801a02b88
Event: 52.491 Thread 0x000002687ee3b600 flushing  nmethod 0x0000026801a04408

Events (20 events):
Event: 48.152 Thread 0x000002686d891900 Thread added: 0x000002685b483730
Event: 48.568 Thread 0x000002686d891900 Thread added: 0x000002686db9e740
Event: 48.568 Thread 0x000002686d891900 Thread added: 0x000002686dba0180
Event: 48.569 Thread 0x000002686d891900 Thread added: 0x000002686d88e480
Event: 50.050 Thread 0x000002686d891900 Thread added: 0x000002686f47f7d0
Event: 50.050 Thread 0x000002686d891900 Thread added: 0x000002686f480b80
Event: 50.051 Thread 0x000002686d891900 Thread added: 0x000002686f4804f0
Event: 50.296 Thread 0x000002686d891900 Thread added: 0x000002686f484690
Event: 50.296 Thread 0x000002686d891900 Thread added: 0x000002686f481210
Event: 50.297 Thread 0x000002686d891900 Thread added: 0x000002686f47e420
Event: 51.814 Thread 0x000002686d893340 Thread added: 0x000002686f484d20
Event: 51.857 Thread 0x000002686d893340 Thread added: 0x000002686f4825c0
Event: 51.858 Thread 0x000002686d893340 Thread added: 0x000002686f483970
Event: 51.858 Thread 0x000002686d893340 Thread added: 0x000002686f47dd90
Event: 52.774 Thread 0x000002686d893340 Thread added: 0x000002686f486df0
Event: 53.200 Thread 0x000002685b480fd0 Thread added: 0x000002686f47fe60
Event: 53.256 Thread 0x000002685b480fd0 Thread added: 0x000002686f487480
Event: 53.257 Thread 0x000002685b480fd0 Thread added: 0x000002686f48bcb0
Event: 53.969 Thread 0x000002686d2812c0 Thread exited: 0x000002686d2812c0
Event: 54.076 Thread 0x000002687ee7b7f0 Thread added: 0x000002685e873e70


Dynamic libraries:
0x00007ff740590000 - 0x00007ff7405a0000 	C:\Program Files\Java\jdk-23\bin\java.exe
0x00007ffdba0b0000 - 0x00007ffdba2a8000 	C:\Windows\SYSTEM32\ntdll.dll
0x00007ffdb93c0000 - 0x00007ffdb9482000 	C:\Windows\System32\KERNEL32.DLL
0x00007ffdb79c0000 - 0x00007ffdb7cb6000 	C:\Windows\System32\KERNELBASE.dll
0x00007ffdb7e20000 - 0x00007ffdb7f20000 	C:\Windows\System32\ucrtbase.dll
0x00007ffda0180000 - 0x00007ffda019b000 	C:\Program Files\Java\jdk-23\bin\VCRUNTIME140.dll
0x00007ffda0270000 - 0x00007ffda0287000 	C:\Program Files\Java\jdk-23\bin\jli.dll
0x00007ffdb85e0000 - 0x00007ffdb8781000 	C:\Windows\System32\USER32.dll
0x00007ffda8620000 - 0x00007ffda88bb000 	C:\Windows\WinSxS\amd64_microsoft.windows.common-controls_6595b64144ccf1df_6.0.19041.6456_none_60b8a6cb71f64256\COMCTL32.dll
0x00007ffdb9c10000 - 0x00007ffdb9cae000 	C:\Windows\System32\msvcrt.dll
0x00007ffdb92a0000 - 0x00007ffdb92cb000 	C:\Windows\System32\GDI32.dll
0x00007ffdb7df0000 - 0x00007ffdb7e12000 	C:\Windows\System32\win32u.dll
0x00007ffdb77c0000 - 0x00007ffdb78d9000 	C:\Windows\System32\gdi32full.dll
0x00007ffdb7cc0000 - 0x00007ffdb7d5d000 	C:\Windows\System32\msvcp_win.dll
0x00007ffdb80d0000 - 0x00007ffdb80ff000 	C:\Windows\System32\IMM32.DLL
0x00007ffda1e90000 - 0x00007ffda1e9c000 	C:\Program Files\Java\jdk-23\bin\vcruntime140_1.dll
0x00007ffd8df50000 - 0x00007ffd8dfde000 	C:\Program Files\Java\jdk-23\bin\msvcp140.dll
0x00007ffd818d0000 - 0x00007ffd8261f000 	C:\Program Files\Java\jdk-23\bin\server\jvm.dll
0x00007ffdb8ca0000 - 0x00007ffdb8d51000 	C:\Windows\System32\ADVAPI32.dll
0x00007ffdb89e0000 - 0x00007ffdb8a7f000 	C:\Windows\System32\sechost.dll
0x00007ffdb8360000 - 0x00007ffdb8480000 	C:\Windows\System32\RPCRT4.dll
0x00007ffdb78e0000 - 0x00007ffdb7907000 	C:\Windows\System32\bcrypt.dll
0x00007ffdb92d0000 - 0x00007ffdb933b000 	C:\Windows\System32\WS2_32.dll
0x00007ffdb75a0000 - 0x00007ffdb75eb000 	C:\Windows\SYSTEM32\POWRPROF.dll
0x00007ffda7d80000 - 0x00007ffda7da7000 	C:\Windows\SYSTEM32\WINMM.dll
0x00007ffdaef40000 - 0x00007ffdaef4a000 	C:\Windows\SYSTEM32\VERSION.dll
0x00007ffdb7580000 - 0x00007ffdb7592000 	C:\Windows\SYSTEM32\UMPDC.dll
0x00007ffdb5f50000 - 0x00007ffdb5f62000 	C:\Windows\SYSTEM32\kernel.appcore.dll
0x00007ffda1c70000 - 0x00007ffda1c7a000 	C:\Program Files\Java\jdk-23\bin\jimage.dll
0x00007ffda89a0000 - 0x00007ffda8ba1000 	C:\Windows\SYSTEM32\DBGHELP.DLL
0x00007ffda27e0000 - 0x00007ffda2814000 	C:\Windows\SYSTEM32\dbgcore.DLL
0x00007ffdb7d60000 - 0x00007ffdb7de2000 	C:\Windows\System32\bcryptPrimitives.dll
0x00007ffd9fa40000 - 0x00007ffd9fa4f000 	C:\Program Files\Java\jdk-23\bin\instrument.dll
0x00007ffd9cc30000 - 0x00007ffd9cc4e000 	C:\Program Files\Java\jdk-23\bin\java.dll
0x00007ffdb8790000 - 0x00007ffdb88bb000 	C:\Windows\System32\ole32.dll
0x00007ffdb9d10000 - 0x00007ffdba064000 	C:\Windows\System32\combase.dll
0x00007ffdb9490000 - 0x00007ffdb9c00000 	C:\Windows\System32\SHELL32.dll
0x00007ffdb5790000 - 0x00007ffdb5f35000 	C:\Windows\SYSTEM32\windows.storage.dll
0x00007ffdb7090000 - 0x00007ffdb70bb000 	C:\Windows\SYSTEM32\Wldp.dll
0x00007ffdb8d60000 - 0x00007ffdb8e2d000 	C:\Windows\System32\OLEAUT32.dll
0x00007ffdb8920000 - 0x00007ffdb89cd000 	C:\Windows\System32\SHCORE.dll
0x00007ffdb8510000 - 0x00007ffdb856b000 	C:\Windows\System32\shlwapi.dll
0x00007ffdb7670000 - 0x00007ffdb7694000 	C:\Windows\SYSTEM32\profapi.dll
0x00007ffd8c1e0000 - 0x00007ffd8c2b7000 	C:\Program Files\Java\jdk-23\bin\jsvml.dll
0x00007ffd96230000 - 0x00007ffd96247000 	C:\Program Files\Java\jdk-23\bin\zip.dll
0x00007ffda1760000 - 0x00007ffda1770000 	C:\Program Files\Java\jdk-23\bin\net.dll
0x00007ffdb6df0000 - 0x00007ffdb6e5a000 	C:\Windows\system32\mswsock.dll
0x00007ffd962e0000 - 0x00007ffd962f6000 	C:\Program Files\Java\jdk-23\bin\nio.dll
0x00007ffda1710000 - 0x00007ffda1720000 	C:\Program Files\Java\jdk-23\bin\verify.dll
0x00007ffda0290000 - 0x00007ffda02b7000 	C:\Users\X4P\.gradle\native\1def1411415f61bf3af743bc5b6707747c0891f09f0c88961ee8f79bc544acac\windows-amd64\native-platform.dll
0x00007ffd904f0000 - 0x00007ffd90568000 	C:\Users\X4P\.gradle\native\0.2.7\x86_64-windows-gnu\gradle-fileevents.dll
0x00007ffda0a20000 - 0x00007ffda0a2a000 	C:\Program Files\Java\jdk-23\bin\management.dll
0x00007ffd9fee0000 - 0x00007ffd9feeb000 	C:\Program Files\Java\jdk-23\bin\management_ext.dll
0x00007ffdb9c00000 - 0x00007ffdb9c08000 	C:\Windows\System32\PSAPI.DLL
0x00007ffdb6ad0000 - 0x00007ffdb6b0b000 	C:\Windows\SYSTEM32\IPHLPAPI.DLL
0x00007ffdb8570000 - 0x00007ffdb8578000 	C:\Windows\System32\NSI.dll
0x00007ffd9f910000 - 0x00007ffd9f919000 	C:\Program Files\Java\jdk-23\bin\extnet.dll
0x00007ffdb6fe0000 - 0x00007ffdb6ff8000 	C:\Windows\SYSTEM32\CRYPTSP.dll
0x00007ffdb6710000 - 0x00007ffdb6748000 	C:\Windows\system32\rsaenh.dll
0x00007ffdb7630000 - 0x00007ffdb765e000 	C:\Windows\SYSTEM32\USERENV.dll
0x00007ffdb7000000 - 0x00007ffdb700c000 	C:\Windows\SYSTEM32\CRYPTBASE.dll
0x00007ffdaf230000 - 0x00007ffdaf23e000 	C:\Program Files\Java\jdk-23\bin\sunmscapi.dll
0x00007ffdb7f20000 - 0x00007ffdb807d000 	C:\Windows\System32\CRYPT32.dll
0x00007ffdb7100000 - 0x00007ffdb7127000 	C:\Windows\SYSTEM32\ncrypt.dll
0x00007ffdb70c0000 - 0x00007ffdb70fb000 	C:\Windows\SYSTEM32\NTASN1.dll
0x00007ffdafe50000 - 0x00007ffdafe57000 	C:\Windows\system32\wshunix.dll
0x00007ffd942f0000 - 0x00007ffd94307000 	C:\Windows\system32\napinsp.dll
0x00007ffd942d0000 - 0x00007ffd942eb000 	C:\Windows\system32\pnrpnsp.dll
0x00007ffd9cc10000 - 0x00007ffd9cc2d000 	C:\Windows\system32\wshbth.dll
0x00007ffdb36a0000 - 0x00007ffdb36bd000 	C:\Windows\system32\NLAapi.dll
0x00007ffdb6b10000 - 0x00007ffdb6bda000 	C:\Windows\SYSTEM32\DNSAPI.dll
0x00007ffd942b0000 - 0x00007ffd942c2000 	C:\Windows\System32\winrnr.dll
0x00007ffdaba40000 - 0x00007ffdaba4a000 	C:\Windows\System32\rasadhlp.dll
0x00007ffdac4d0000 - 0x00007ffdac550000 	C:\Windows\System32\fwpuclnt.dll
0x00007ffdb6960000 - 0x00007ffdb6993000 	C:\Windows\SYSTEM32\ntmarta.dll

dbghelp: loaded successfully - version: 4.0.5 - missing functions: none
symbol engine: initialized successfully - sym options: 0x614 - pdb path: .;C:\Program Files\Java\jdk-23\bin;C:\Windows\SYSTEM32;C:\Windows\WinSxS\amd64_microsoft.windows.common-controls_6595b64144ccf1df_6.0.19041.6456_none_60b8a6cb71f64256;C:\Program Files\Java\jdk-23\bin\server;C:\Users\X4P\.gradle\native\1def1411415f61bf3af743bc5b6707747c0891f09f0c88961ee8f79bc544acac\windows-amd64;C:\Users\X4P\.gradle\native\0.2.7\x86_64-windows-gnu

VM Arguments:
jvm_args: --add-opens=java.base/java.lang=ALL-UNNAMED --add-opens=java.base/java.lang.invoke=ALL-UNNAMED --add-opens=java.base/java.util=ALL-UNNAMED --add-opens=java.prefs/java.util.prefs=ALL-UNNAMED --add-exports=jdk.compiler/com.sun.tools.javac.api=ALL-UNNAMED --add-exports=jdk.compiler/com.sun.tools.javac.util=ALL-UNNAMED --add-opens=java.base/java.util=ALL-UNNAMED --add-opens=java.prefs/java.util.prefs=ALL-UNNAMED --add-opens=java.base/java.nio.charset=ALL-UNNAMED --add-opens=java.base/java.net=ALL-UNNAMED --add-opens=java.base/java.util.concurrent.atomic=ALL-UNNAMED --add-opens=java.xml/javax.xml.namespace=ALL-UNNAMED -Xmx2048m -Dfile.encoding=UTF-8 -Duser.country=CA -Duser.language=fr -Duser.variant -javaagent:C:\Users\X4P\.gradle\wrapper\dists\gradle-8.13-bin\5xuhj0ry160q40clulazy9h7d\gradle-8.13\lib\agents\gradle-instrumentation-agent-8.13.jar 
java_command: org.gradle.launcher.daemon.bootstrap.GradleDaemon 8.13
java_class_path (initial): C:\Users\X4P\.gradle\wrapper\dists\gradle-8.13-bin\5xuhj0ry160q40clulazy9h7d\gradle-8.13\lib\gradle-daemon-main-8.13.jar
Launcher Type: SUN_STANDARD

[Global flags]
     intx CICompilerCount                          = 3                                         {product} {ergonomic}
     uint ConcGCThreads                            = 1                                         {product} {ergonomic}
     uint G1ConcRefinementThreads                  = 4                                         {product} {ergonomic}
   size_t G1HeapRegionSize                         = 1048576                                   {product} {ergonomic}
   size_t InitialHeapSize                          = 134217728                                 {product} {ergonomic}
   size_t MarkStackSize                            = 4194304                                   {product} {ergonomic}
   size_t MarkStackSizeMax                         = 536870912                                 {product} {ergonomic}
   size_t MaxHeapSize                              = 2147483648                                {product} {command line}
   size_t MaxNewSize                               = 1287651328                                {product} {ergonomic}
   size_t MinHeapDeltaBytes                        = 1048576                                   {product} {ergonomic}
   size_t MinHeapSize                              = 8388608                                   {product} {ergonomic}
    uintx NonNMethodCodeHeapSize                   = 5832704                                {pd product} {ergonomic}
    uintx NonProfiledCodeHeapSize                  = 122945536                              {pd product} {ergonomic}
    uintx ProfiledCodeHeapSize                     = 122880000                              {pd product} {ergonomic}
    uintx ReservedCodeCacheSize                    = 251658240                              {pd product} {ergonomic}
     bool SegmentedCodeCache                       = true                                      {product} {ergonomic}
   size_t SoftMaxHeapSize                          = 2147483648                             {manageable} {ergonomic}
     bool UseCompressedOops                        = true                           {product lp64_product} {ergonomic}
     bool UseG1GC                                  = true                                      {product} {ergonomic}
     bool UseLargePagesIndividualAllocation        = false                                  {pd product} {ergonomic}

Logging:
Log output configuration:
 #0: stdout all=warning uptime,level,tags foldmultilines=false
 #1: stderr all=off uptime,level,tags foldmultilines=false

Environment Variables:
PATH=C:\Program Files (x86)\PC Connectivity Solution\;C:\Program Files\Common Files\Oracle\Java\javapath;C:\Windows\system32;C:\Windows;C:\Windows\System32\Wbem;C:\Windows\System32\WindowsPowerShell\v1.0\;C:\Windows\System32\OpenSSH\;C:\Program Files\Microsoft SQL Server\150\Tools\Binn\;C:\Program Files\Microsoft SQL Server\Client SDK\ODBC\170\Tools\Binn\;C:\Program Files\dotnet\;C:\Windows\System32\Wbem;C:\xampp\php;C:\ProgramData\ComposerSetup\bin;C:\Program Files\nodejs\;c:\Users\X4P\AppData\Local\Programs\cursor\resources\app\bin;C:\Program Files\Git\cmd;C:\Users\X4P\AppData\Local\Microsoft\WindowsApps;C:\Users\X4P\.dotnet\tools;C:\Users\X4P\AppData\Roaming\Composer\vendor\bin;C:\Users\X4P\AppData\Local\Packages\PythonSoftwareFoundation.Python.3.11_qbz5n2kfra8p0\LocalCache\local-packages\Python311\Scripts;C:\xampp\php\php.exe;C:\Users\X4P\AppData\Local\Microsoft\WinGet\Packages\Schniz.fnm_Microsoft.Winget.Source_8wekyb3d8bbwe;C:\Users\X4P\AppData\Roaming\npm;C:\Program Files\nodejs;C:\path\to\ffmpeg\bin;C:\Users\X4P\AppData\Local\Programs\Microsoft VS Code\bin;c:\Users\X4P\.vscode\extensions\ms-python.debugpy-2026.6.0-win32-x64\bundled\scripts\noConfigScripts
USERNAME=X4P
LANG=en_US.UTF-8
OS=Windows_NT
PROCESSOR_IDENTIFIER=Intel64 Family 6 Model 69 Stepping 1, GenuineIntel
TMP=C:\Users\X4P\AppData\Local\Temp
TEMP=C:\Users\X4P\AppData\Local\Temp




Periodic native trim disabled

---------------  S Y S T E M  ---------------

OS:
 Windows 10 , 64 bit Build 19041 (10.0.19041.5915)
OS uptime: 2 days 2:03 hours

CPU: total 4 (initial active 4) (2 cores per cpu, 2 threads per core) family 6 model 69 stepping 1 microcode 0x25, cx8, cmov, fxsr, ht, mmx, sse, sse2, sse3, ssse3, sse4.1, sse4.2, popcnt, lzcnt, tsc, tscinvbit, avx, avx2, aes, erms, clmul, bmi1, bmi2, fma, vzeroupper, clflush, rdtscp, f16c
Processor Information for the first 4 processors :
  Max Mhz: 2501, Current Mhz: 2501, Mhz Limit: 2501

Memory: 4k page, system-wide physical 8089M (595M free)
TotalPageFile size 11369M (AvailPageFile size 4M)
current process WorkingSet (physical memory assigned to process): 823M, peak: 826M
current process commit charge ("private bytes"): 871M, peak: 875M

vm_info: Java HotSpot(TM) 64-Bit Server VM (23+37-2369) for windows-amd64 JRE (23+37-2369), built on 2024-08-20T16:01:23Z with MS VC++ 17.6 (VS2022)

END.
